iso_code,continent,location,date,total_cases,new_cases,total_deaths,new_deaths,total_vaccinations,people_vaccinated,people_fully_vaccinated,new_vaccinations,stringency_index,population,gdp_per_capita
WLD,World,World,2020-01-01,0.0,0.0,0.0,0.0,0.0,0.0,0.0,0.0,0.0,7752840547,17109.45
WLD,World,World,2020-01-02,0.0,0.0,0.0,0.0,0.0,0.0,0.0,0.0,0.0,7752840547,17109.45
WLD,World,World,2020-01-03,0.0,0.0,0.0,0.0,0.0,0.0,0.0,0.0,0.0,7752840547,17109.45
WLD,World,World,2020-01-04,0.0,0.0,0.0,0.0,0.0,0.0,0.0,0.0,0.0,7752840547,17109.45
WLD,World,World,2020-01-05,0.0,0.0,0.0,0.0,0.0,0.0,0.0,0.0,0.0,7752840547,17109.45
WLD,World,World,2020-01-06,0.0,0.0,0.0,0.0,0.0,0.0,0.0,0.0,0.0,7752840547,17109.45
WLD,World,World,2020-01-07,0.0,0.0,0.0,0.0,0.0,0.0,0.0,0.0,0.0,7752840547,17109.45
WLD,World,World,2020-01-08,0.0,0.0,0.0,0.0,0.0,0.0,0.0,0.0,0.0,7752840547,17109.45
WLD,World,World,2020-01-09,0.0,0.0,0.0,0.0,0.0,0.0,0.0,0.0,0.0,7752840547,17109.45
WLD,World,World,2020-01-10,0.0,0.0,0.0,0.0,0.0,0.0,0.0,0.0,0.0,7752840547,17109.45
WLD,World,World,2020-01-11,0.0,0.0,0.0,0.0,0.0,0.0,0.0,0.0,0.0,7752840547,17109.45
WLD,World,World,2020-01-12,0.0,0.0,0.0,0.0,0.0,0.0,0.0,0.0,0.0,7752840547,17109.45
WLD,World,World,2020-01-13,0.0,0.0,0.0,0.0,0.0,0.0,0.0,0.0,0.0,7752840547,17109.45
WLD,World,World,2020-01-14,0.0,0.0,0.0,0.0,0.0,0.0,0.0,0.0,0.0,7752840547,17109.45
WLD,World,World,2020-01-15,0.0,0.0,0.0,0.0,0.0,0.0,0.0,0.0,0.0,7752840547,17109.45
WLD,World,World,2020-01-16,0.0,0.0,0.0,0.0,0.0,0.0,0.0,0.0,1.666,7752840547,17109.45
WLD,World,World,2020-01-17,0.0,0.0,0.0,0.0,0.0,0.0,0.0,0.0,1.666,7752840547,17109.45
WLD,World,World,2020-01-18,0.0,0.0,0.0,0.0,0.0,0.0,0.0,0.0,0.7572727272727273,7752840547,17109.45
WLD,World,World,2020-01-19,0.0,0.0,0.0,0.0,0.0,0.0,0.0,0.0,1.666,7752840547,17109.45
WLD,World,World,2020-01-20,0.0,0.0,0.0,0.0,0.0,0.0,0.0,0.0,2.778,7752840547,17109.45
WLD,World,World,2020-01-21,0.0,0.0,0.0,0.0,0.0,0.0,0.0,0.0,2.315,7752840547,17109.45
WLD,World,World,2020-01-22,557.0,0.0,17.0,0.0,0.0,0.0,0.0,0.0,4.7844444444444445,7752840547,17109.45
WLD,World,World,2020-01-23,655.0,8.166666666666666,18.0,0.08333333333333333,0.0,0.0,0.0,0.0,9.760833333333332,7752840547,17109.45
WLD,World,World,2020-01-24,941.0,15.88888888888889,26.0,0.4444444444444444,0.0,0.0,0.0,0.0,7.125,7752840547,17109.45
WLD,World,World,2020-01-25,1433.0,32.8,42.0,1.0666666666666667,0.0,0.0,0.0,0.0,10.586666666666666,7752840547,17109.45
WLD,World,World,2020-01-26,2118.0,40.294117647058826,56.0,0.8235294117647058,0.0,0.0,0.0,0.0,11.792352941176473,7752840547,17109.45
WLD,World,World,2020-01-27,2927.0,40.45,82.0,1.3,0.0,0.0,0.0,0.0,10.718500000000002,7752840547,17109.45
WLD,World,World,2020-01-28,5578.0,132.55,131.0,2.45,0.0,0.0,0.0,0.0,11.459,7752840547,17109.45
WLD,World,World,2020-01-29,6167.0,26.772727272727273,133.0,0.09090909090909091,0.0,0.0,0.0,0.0,11.890454545454544,7752840547,17109.45
WLD,World,World,2020-01-30,8235.0,82.72,171.0,1.52,0.0,0.0,0.0,0.0,12.204399999999998,7752840547,17109.45
WLD,World,World,2020-01-31,9927.0,60.42857142857143,213.0,1.5,0.0,0.0,0.0,0.0,12.582857142857138,7752840547,17109.45
WLD,World,World,2020-02-01,12038.0,70.36666666666666,259.0,1.5333333333333334,0.0,0.0,0.0,0.0,13.471666666666664,7752840547,17109.45
WLD,World,World,2020-02-02,16787.0,131.91666666666666,362.0,2.861111111111111,0.0,0.0,0.0,0.0,11.99861111111111,7752840547,17109.45
WLD,World,World,2020-02-03,19887.0,96.875,426.0,2.0,0.0,0.0,0.0,0.0,13.960937499999998,7752840547,17109.45
WLD,World,World,2020-02-04,23898.0,121.54545454545455,492.0,2.0,0.0,0.0,0.0,0.0,14.547878787878787,7752840547,17109.45
WLD,World,World,2020-02-05,27643.0,110.1470588235294,564.0,2.1176470588235294,0.0,0.0,0.0,0.0,14.229117647058825,7752840547,17109.45
WLD,World,World,2020-02-06,30803.0,90.28571428571429,634.0,2.0,0.0,0.0,0.0,0.0,14.21942857142857,7752840547,17109.45
WLD,World,World,2020-02-07,34335.0,95.45945945945945,719.0,2.2972972972972974,0.0,0.0,0.0,0.0,13.826486486486486,7752840547,17109.45
WLD,World,World,2020-02-08,37069.0,73.89189189189189,806.0,2.3513513513513513,0.0,0.0,0.0,0.0,14.051891891891891,7752840547,17109.45
WLD,World,World,2020-02-09,40096.0,73.82926829268293,906.0,2.4390243902439024,0.0,0.0,0.0,0.0,13.019999999999998,7752840547,17109.45
WLD,World,World,2020-02-10,42634.0,68.5945945945946,1013.0,2.891891891891892,0.0,0.0,0.0,0.0,14.001891891891892,7752840547,17109.45
WLD,World,World,2020-02-11,44676.0,55.189189189189186,1113.0,2.7027027027027026,0.0,0.0,0.0,0.0,14.001891891891892,7752840547,17109.45
WLD,World,World,2020-02-12,45054.0,10.216216216216216,1118.0,0.13513513513513514,0.0,0.0,0.0,0.0,14.151891891891893,7752840547,17109.45
WLD,World,World,2020-02-13,60207.0,409.5405405405405,1371.0,6.837837837837838,0.0,0.0,0.0,0.0,14.377027027027028,7752840547,17109.45
WLD,World,World,2020-02-14,66691.0,170.6315789473684,1523.0,4.0,0.0,0.0,0.0,0.0,13.998684210526317,7752840547,17109.45
WLD,World,World,2020-02-15,68767.0,49.42857142857143,1666.0,3.4047619047619047,0.0,0.0,0.0,0.0,13.040476190476191,7752840547,17109.45
WLD,World,World,2020-02-16,70880.0,55.60526315789474,1770.0,2.736842105263158,0.0,0.0,0.0,0.0,14.047368421052633,7752840547,17109.45
WLD,World,World,2020-02-17,72816.0,49.64102564102564,1868.0,2.5128205128205128,0.0,0.0,0.0,0.0,13.972051282051284,7752840547,17109.45
WLD,World,World,2020-02-18,74610.0,46.0,2008.0,3.58974358974359,0.0,0.0,0.0,0.0,13.972051282051284,7752840547,17109.45
WLD,World,World,2020-02-19,75031.0,10.525,2123.0,2.875,0.0,0.0,0.0,0.0,13.622750000000002,7752840547,17109.45
WLD,World,World,2020-02-20,75578.0,13.341463414634147,2246.0,3.0,0.0,0.0,0.0,0.0,13.968048780487804,7752840547,17109.45
WLD,World,World,2020-02-21,76207.0,14.976190476190476,2250.0,0.09523809523809523,0.0,0.0,0.0,0.0,14.363095238095235,7752840547,17109.45
WLD,World,World,2020-02-22,77968.0,41.92857142857143,2457.0,4.928571428571429,0.0,0.0,0.0,0.0,14.78190476190476,7752840547,17109.45
WLD,World,World,2020-02-23,78291.0,6.729166666666667,2467.0,0.20833333333333334,0.0,0.0,0.0,0.0,14.294166666666664,7752840547,17109.45
WLD,World,World,2020-02-24,78855.0,11.510204081632653,2627.0,3.2653061224489797,0.0,0.0,0.0,0.0,15.532653061224488,7752840547,17109.45
WLD,World,World,2020-02-25,79708.0,15.50909090909091,2707.0,1.4545454545454546,0.0,0.0,0.0,0.0,15.858363636363642,7752840547,17109.45
WLD,World,World,2020-02-26,80671.0,15.53225806451613,2767.0,0.967741935483871,0.0,0.0,0.0,0.0,15.651129032258066,7752840547,17109.45
WLD,World,World,2020-02-27,82031.0,20.923076923076923,2810.0,0.6615384615384615,0.0,0.0,0.0,0.0,16.04,7752840547,17109.45
WLD,World,World,2020-02-28,83417.0,20.08695652173913,2867.0,0.8260869565217391,0.0,0.0,0.0,0.0,15.794347826086955,7752840547,17109.45
WLD,World,World,2020-02-29,85308.0,25.554054054054053,2936.0,0.9324324324324325,0.0,0.0,0.0,0.0,16.34743243243243,7752840547,17109.45
WLD,World,World,2020-03-01,87689.0,29.7625,2990.0,0.675,0.0,0.0,0.0,0.0,16.568125,7752840547,17109.45
WLD,World,World,2020-03-02,89672.0,23.89156626506024,3079.0,1.072289156626506,0.0,0.0,0.0,0.0,17.129156626506024,7752840547,17109.45
WLD,World,World,2020-03-03,92265.0,29.804597701149426,3154.0,0.8620689655172413,0.0,0.0,0.0,0.0,17.193218390804592,7752840547,17109.45
WLD,World,World,2020-03-04,94573.0,25.08695652173913,3249.0,1.0326086956521738,0.0,0.0,0.0,0.0,17.19489130434782,7752840547,17109.45
WLD,World,World,2020-03-05,97384.0,29.904255319148938,3343.0,1.0,0.0,0.0,0.0,0.0,18.966489361702116,7752840547,17109.45
WLD,World,World,2020-03-06,101297.0,38.742574257425744,3455.0,1.108910891089109,0.0,0.0,0.0,0.0,19.24712871287128,7752840547,17109.45
WLD,World,World,2020-03-07,105392.0,40.14705882352941,3559.0,1.0196078431372548,0.0,0.0,0.0,0.0,19.46696078431372,7752840547,17109.45
WLD,World,World,2020-03-08,109341.0,37.60952380952381,3799.0,2.2857142857142856,0.0,0.0,0.0,0.0,19.81914285714285,7752840547,17109.45
WLD,World,World,2020-03-09,113513.0,38.629629629629626,3989.0,1.7592592592592593,0.0,0.0,0.0,0.0,20.901574074074073,7752840547,17109.45
WLD,World,World,2020-03-10,118335.0,43.836363636363636,4263.0,2.4909090909090907,0.0,0.0,0.0,0.0,23.858909090909084,7752840547,17109.45
WLD,World,World,2020-03-11,125996.0,66.04310344827586,4606.0,2.956896551724138,0.0,0.0,0.0,0.0,25.590431034482762,7752840547,17109.45
WLD,World,World,2020-03-12,131786.0,48.65546218487395,4913.0,2.5798319327731094,0.0,0.0,0.0,0.0,29.18218487394957,7752840547,17109.45
WLD,World,World,2020-03-13,146170.0,116.0,5410.0,4.008064516129032,0.0,0.0,0.0,0.0,33.42645161290323,7752840547,17109.45
WLD,World,World,2020-03-14,157242.0,81.41176470588235,5830.0,3.088235294117647,0.0,0.0,0.0,0.0,35.06573529411764,7752840547,17109.45
WLD,World,World,2020-03-15,168508.0,80.47142857142858,6468.0,4.557142857142857,0.0,0.0,0.0,0.0,36.93742857142857,7752840547,17109.45
WLD,World,World,2020-03-16,183308.0,102.06896551724138,7151.0,4.710344827586207,0.0,0.0,0.0,0.0,43.83489655172414,7752840547,17109.45
WLD,World,World,2020-03-17,199248.0,107.70270270270271,7968.0,5.52027027027027,0.0,0.0,0.0,0.0,46.92533783783784,7752840547,17109.45
WLD,World,World,2020-03-18,218804.0,128.6578947368421,8880.0,6.0,0.0,0.0,0.0,0.0,50.466184210526286,7752840547,17109.45
WLD,World,World,2020-03-19,245852.0,174.5032258064516,9996.0,7.2,0.0,0.0,0.0,0.0,53.54541935483868,7752840547,17109.45
WLD,World,World,2020-03-20,276626.0,189.96296296296296,11485.0,9.191358024691358,0.0,0.0,0.0,0.0,55.35549382716047,7752840547,17109.45
WLD,World,World,2020-03-21,308614.0,195.0487804878049,13208.0,10.50609756097561,0.0,0.0,0.0,0.0,57.86463414634142,7752840547,17109.45
WLD,World,World,2020-03-22,343462.0,206.20118343195267,14905.0,10.041420118343195,0.0,0.0,0.0,0.0,58.51970414201179,7752840547,17109.45
WLD,World,World,2020-03-23,386295.0,251.95882352941177,16855.0,11.470588235294118,0.0,0.0,0.0,0.0,61.99082352941173,7752840547,17109.45
WLD,World,World,2020-03-24,427446.0,240.64912280701753,19145.0,13.391812865497077,0.0,0.0,0.0,0.0,64.04087719298242,7752840547,17109.45
WLD,World,World,2020-03-25,478445.0,293.0977011494253,21968.0,16.224137931034484,0.0,0.0,0.0,0.0,64.86850574712643,7752840547,17109.45
WLD,World,World,2020-03-26,541314.0,361.31609195402297,25006.0,17.45977011494253,0.0,0.0,0.0,0.0,66.14022988505748,7752840547,17109.45
WLD,World,World,2020-03-27,606340.0,371.57714285714286,28504.0,19.98857142857143,0.0,0.0,0.0,0.0,68.06925714285714,7752840547,17109.45
WLD,World,World,2020-03-28,673616.0,384.4342857142857,32276.0,21.554285714285715,0.0,0.0,0.0,0.0,69.54537142857141,7752840547,17109.45
WLD,World,World,2020-03-29,732850.0,336.5568181818182,35770.0,19.852272727272727,0.0,0.0,0.0,0.0,69.91301136363636,7752840547,17109.45
WLD,World,World,2020-03-30,798141.0,368.8757062146893,39861.0,23.112994350282484,0.0,0.0,0.0,0.0,71.69418079096042,7752840547,17109.45
WLD,World,World,2020-03-31,874974.0,429.23463687150837,44625.0,26.614525139664803,0.0,0.0,0.0,0.0,71.79329608938545,7752840547,17109.45
WLD,World,World,2020-04-01,957796.0,462.6927374301676,50637.0,33.58659217877095,0.0,0.0,0.0,0.0,72.6158100558659,7752840547,17109.45
WLD,World,World,2020-04-02,1040833.0,463.89385474860336,56532.0,32.93296089385475,0.0,0.0,0.0,0.0,72.7916201117318,7752840547,17109.45
WLD,World,World,2020-04-03,1124403.0,466.87150837988827,62712.0,34.52513966480447,0.0,0.0,0.0,0.0,73.21312849162008,7752840547,17109.45
WLD,World,World,2020-04-04,1182753.0,325.9776536312849,68665.0,33.25698324022346,0.0,0.0,0.0,0.0,73.39407821229048,7752840547,17109.45
WLD,World,World,2020-04-05,1255358.0,403.3611111111111,73905.0,29.11111111111111,0.0,0.0,0.0,0.0,73.67555555555553,7752840547,17109.45
WLD,World,World,2020-04-06,1328505.0,404.1270718232044,79879.0,33.005524861878456,0.0,0.0,0.0,0.0,73.56524861878451,7752840547,17109.45
WLD,World,World,2020-04-07,1398326.0,385.7513812154696,88180.0,45.86187845303867,0.0,0.0,0.0,0.0,73.80320441988947,7752840547,17109.45
WLD,World,World,2020-04-08,1481705.0,460.6574585635359,95022.0,37.80110497237569,0.0,0.0,0.0,0.0,74.23795580110495,7752840547,17109.45
WLD,World,World,2020-04-09,1568685.0,480.5524861878453,102896.0,43.50276243093923,0.0,0.0,0.0,0.0,74.44767955801103,7752840547,17109.45
WLD,World,World,2020-04-10,1654205.0,469.8901098901099,110326.0,40.824175824175825,0.0,0.0,0.0,0.0,74.51686813186811,7752840547,17109.45
WLD,World,World,2020-04-11,1728446.0,407.9175824175824,116586.0,34.395604395604394,0.0,0.0,0.0,0.0,74.55758241758241,7752840547,17109.45
WLD,World,World,2020-04-12,1848108.0,657.4835164835165,122526.0,32.637362637362635,0.0,0.0,0.0,0.0,74.73565934065932,7752840547,17109.45
WLD,World,World,2020-04-13,1918770.0,388.25274725274727,128577.0,33.247252747252745,0.0,0.0,0.0,0.0,75.0002747252747,7752840547,17109.45
WLD,World,World,2020-04-14,2002759.0,461.47802197802196,135657.0,38.9010989010989,0.0,0.0,0.0,0.0,74.84252747252745,7752840547,17109.45
WLD,World,World,2020-04-15,2079865.0,423.65934065934067,144241.0,47.16483516483517,0.0,0.0,0.0,0.0,74.86796703296703,7752840547,17109.45
WLD,World,World,2020-04-16,2175347.0,524.6263736263736,151619.0,40.53846153846154,0.0,0.0,0.0,0.0,74.95197802197801,7752840547,17109.45
WLD,World,World,2020-04-17,2263354.0,483.55494505494505,160144.0,46.84065934065934,0.0,0.0,0.0,0.0,75.01813186813186,7752840547,17109.45
WLD,World,World,2020-04-18,2340538.0,424.0879120879121,166382.0,34.27472527472528,0.0,0.0,0.0,0.0,75.05884615384616,7752840547,17109.45
WLD,World,World,2020-04-19,2417079.0,420.55494505494505,171729.0,29.37912087912088,0.0,0.0,0.0,0.0,74.99263736263737,7752840547,17109.45
WLD,World,World,2020-04-20,2493038.0,417.35714285714283,177759.0,33.13186813186813,0.0,0.0,0.0,0.0,74.36181318681321,7752840547,17109.45
WLD,World,World,2020-04-21,2568759.0,416.04945054945057,185197.0,40.86813186813187,0.0,0.0,0.0,0.0,74.2296153846154,7752840547,17109.45
WLD,World,World,2020-04-22,2650052.0,446.66483516483515,192229.0,38.637362637362635,0.0,0.0,0.0,0.0,74.22197802197805,7752840547,17109.45
WLD,World,World,2020-04-23,2734317.0,462.9945054945055,199262.0,38.642857142857146,0.0,0.0,0.0,0.0,74.1558241758242,7752840547,17109.45
WLD,World,World,2020-04-24,2818374.0,461.85164835164835,206215.0,38.2032967032967,0.0,0.0,0.0,0.0,74.11763736263737,7752840547,17109.45
WLD,World,World,2020-04-25,2900583.0,451.6978021978022,212070.0,32.17032967032967,0.0,0.0,0.0,0.0,74.08708791208791,7752840547,17109.45
WLD,World,World,2020-04-26,2972130.0,393.11538461538464,216317.0,23.335164835164836,0.0,0.0,0.0,0.0,74.02093406593409,7752840547,17109.45
WLD,World,World,2020-04-27,3042302.0,385.56043956043953,221325.0,27.516483516483518,0.0,0.0,0.0,0.0,73.78153846153852,7752840547,17109.45
WLD,World,World,2020-04-28,3117823.0,414.95054945054943,228142.0,37.456043956043956,0.0,0.0,0.0,0.0,73.84263736263742,7752840547,17109.45
WLD,World,World,2020-04-29,3194944.0,423.74175824175825,235115.0,38.31318681318681,0.0,0.0,0.0,0.0,73.79170329670333,7752840547,17109.45
WLD,World,World,2020-04-30,3278415.0,453.6467391304348,241172.0,32.91847826086956,0.0,0.0,0.0,0.0,73.17081521739132,7752840547,17109.45
WLD,World,World,2020-05-01,3366765.0,480.1630434782609,246654.0,29.793478260869566,0.0,0.0,0.0,0.0,72.98967391304348,7752840547,17109.45
WLD,World,World,2020-05-02,3445956.0,430.3858695652174,252482.0,31.67391304347826,0.0,0.0,0.0,0.0,72.9996739130435,7752840547,17109.45
WLD,World,World,2020-05-03,3522343.0,415.1467391304348,256329.0,20.907608695652176,0.0,0.0,0.0,0.0,72.88152173913043,7752840547,17109.45
WLD,World,World,2020-05-04,3599987.0,421.9782608695652,260933.0,25.02173913043478,0.0,0.0,0.0,0.0,71.79201086956522,7752840547,17109.45
WLD,World,World,2020-05-05,3680482.0,437.4728260869565,267055.0,33.27173913043478,0.0,0.0,0.0,0.0,71.57570652173914,7752840547,17109.45
WLD,World,World,2020-05-06,3770518.0,489.32608695652175,273921.0,37.31521739130435,0.0,0.0,0.0,0.0,71.31402173913044,7752840547,17109.45
WLD,World,World,2020-05-07,3859238.0,482.17391304347825,279613.0,30.934782608695652,0.0,0.0,0.0,0.0,71.18320652173914,7752840547,17109.45
WLD,World,World,2020-05-08,3949507.0,490.5923913043478,285526.0,32.13586956521739,0.0,0.0,0.0,0.0,70.78576086956524,7752840547,17109.45
WLD,World,World,2020-05-09,4034769.0,463.3804347826087,290122.0,24.97826086956522,0.0,0.0,0.0,0.0,70.77076086956524,7752840547,17109.45
WLD,World,World,2020-05-10,4109675.0,407.0978260869565,294133.0,21.79891304347826,0.0,0.0,0.0,0.0,70.88146739130435,7752840547,17109.45
WLD,World,World,2020-05-11,4186319.0,416.54347826086956,298069.0,21.391304347826086,0.0,0.0,0.0,0.0,70.07864130434783,7752840547,17109.45
WLD,World,World,2020-05-12,4270778.0,459.01630434782606,303974.0,32.09239130434783,0.0,0.0,0.0,0.0,69.92521739130434,7752840547,17109.45
WLD,World,World,2020-05-13,4355759.0,459.35675675675674,309458.0,29.643243243243244,0.0,0.0,0.0,0.0,69.70994594594592,7752840547,17109.45
WLD,World,World,2020-05-14,4451981.0,520.1189189189189,315030.0,30.11891891891892,0.0,0.0,0.0,0.0,69.23697297297295,7752840547,17109.45
WLD,World,World,2020-05-15,4547681.0,517.2972972972973,320672.0,30.497297297297298,0.0,0.0,0.0,0.0,69.0592432432432,7752840547,17109.45
WLD,World,World,2020-05-16,4642086.0,510.2972972972973,325228.0,24.627027027027026,0.0,0.0,0.0,0.0,68.91405405405402,7752840547,17109.45
WLD,World,World,2020-05-17,4720110.0,421.75135135135133,328796.0,19.286486486486485,0.0,0.0,0.0,0.0,68.61129729729727,7752840547,17109.45
WLD,World,World,2020-05-18,4809269.0,481.94054054054055,332950.0,22.454054054054055,0.0,0.0,0.0,0.0,67.81318918918916,7752840547,17109.45
WLD,World,World,2020-05-19,4906013.0,522.9405405405405,338090.0,27.783783783783782,0.0,0.0,0.0,0.0,67.81318918918917,7752840547,17109.45
WLD,World,World,2020-05-20,5007918.0,550.8378378378378,343284.0,28.075675675675676,0.0,0.0,0.0,0.0,67.58789189189187,7752840547,17109.45
WLD,World,World,2020-05-21,5114551.0,576.3945945945947,348363.0,27.454054054054055,0.0,0.0,0.0,0.0,67.40778378378377,7752840547,17109.45
WLD,World,World,2020-05-22,5220964.0,575.2054054054054,354044.0,30.708108108108107,0.0,0.0,0.0,0.0,67.28497297297297,7752840547,17109.45
WLD,World,World,2020-05-23,5325735.0,566.3297297297297,358355.0,23.302702702702703,0.0,0.0,0.0,0.0,67.24,7752840547,17109.45
WLD,World,World,2020-05-24,5419949.0,509.2648648648649,361832.0,18.794594594594596,0.0,0.0,0.0,0.0,67.18994594594594,7752840547,17109.45
WLD,World,World,2020-05-25,5506649.0,468.64864864864865,363447.0,8.72972972972973,0.0,0.0,0.0,0.0,66.72702702702702,7752840547,17109.45
WLD,World,World,2020-05-26,5600629.0,508.0,368111.0,25.21081081081081,0.0,0.0,0.0,0.0,66.45670270270269,7752840547,17109.45
WLD,World,World,2020-05-27,5703384.0,555.4324324324324,373512.0,29.194594594594594,0.0,0.0,0.0,0.0,66.2515135135135,7752840547,17109.45
WLD,World,World,2020-05-28,5822664.0,644.7567567567568,378523.0,27.086486486486486,0.0,0.0,0.0,0.0,66.24654054054052,7752840547,17109.45
WLD,World,World,2020-05-29,5943568.0,653.5351351351351,383683.0,27.89189189189189,0.0,0.0,0.0,0.0,66.05627027027028,7752840547,17109.45
WLD,World,World,2020-05-30,6080070.0,737.8486486486487,388067.0,23.697297297297297,0.0,0.0,0.0,0.0,65.79102702702703,7752840547,17109.45
WLD,World,World,2020-05-31,6186468.0,575.1243243243243,391226.0,17.075675675675676,0.0,0.0,0.0,0.0,65.48313513513516,7752840547,17109.45
WLD,World,World,2020-06-01,6282428.0,518.7027027027027,394741.0,19.0,0.0,0.0,0.0,0.0,63.66378378378379,7752840547,17109.45
WLD,World,World,2020-06-02,6404365.0,659.1189189189189,399944.0,28.124324324324323,0.0,0.0,0.0,0.0,63.16572972972975,7752840547,17109.45
WLD,World,World,2020-06-03,6518603.0,617.5027027027027,405784.0,31.56756756756757,0.0,0.0,0.0,0.0,62.79535135135137,7752840547,17109.45
WLD,World,World,2020-06-04,6649547.0,707.8054054054054,411223.0,29.4,0.0,0.0,0.0,0.0,62.73021621621625,7752840547,17109.45
WLD,World,World,2020-06-05,6780768.0,709.3027027027027,416283.0,27.35135135135135,0.0,0.0,0.0,0.0,62.27481081081084,7752840547,17109.45
WLD,World,World,2020-06-06,6914476.0,722.7459459459459,420498.0,22.783783783783782,0.0,0.0,0.0,0.0,61.919513513513536,7752840547,17109.45
WLD,World,World,2020-06-07,7026815.0,607.2378378378378,423686.0,17.232432432432432,0.0,0.0,0.0,0.0,61.69929729729733,7752840547,17109.45
WLD,World,World,2020-06-08,7129251.0,553.7081081081081,427850.0,22.508108108108107,0.0,0.0,0.0,0.0,60.8183783783784,7752840547,17109.45
WLD,World,World,2020-06-09,7254281.0,675.8378378378378,433064.0,28.183783783783785,0.0,0.0,0.0,0.0,60.56313513513515,7752840547,17109.45
WLD,World,World,2020-06-10,7389381.0,730.2702702702703,438542.0,29.61081081081081,0.0,0.0,0.0,0.0,60.362972972973,7752840547,17109.45
WLD,World,World,2020-06-11,7527405.0,746.0756756756757,443608.0,27.383783783783784,0.0,0.0,0.0,0.0,60.14270270270272,7752840547,17109.45
WLD,World,World,2020-06-12,7656104.0,695.6702702702703,448415.0,25.983783783783785,0.0,0.0,0.0,0.0,59.949891891891916,7752840547,17109.45
WLD,World,World,2020-06-13,7791339.0,731.0,452876.0,24.113513513513514,0.0,0.0,0.0,0.0,60.014972972973005,7752840547,17109.45
WLD,World,World,2020-06-14,7923563.0,714.7243243243244,456518.0,19.686486486486487,0.0,0.0,0.0,0.0,59.96491891891895,7752840547,17109.45
WLD,World,World,2020-06-15,8043180.0,646.5783783783784,460354.0,20.735135135135135,0.0,0.0,0.0,0.0,59.241729729729734,7752840547,17109.45
WLD,World,World,2020-06-16,8185132.0,767.3081081081081,467494.0,38.5945945945946,0.0,0.0,0.0,0.0,59.03648648648649,7752840547,17109.45
WLD,World,World,2020-06-17,8328745.0,776.2864864864865,473049.0,30.027027027027028,0.0,0.0,0.0,0.0,58.81627027027027,7752840547,17109.45
WLD,World,World,2020-06-18,8469742.0,762.145945945946,478360.0,28.708108108108107,0.0,0.0,0.0,0.0,58.76124324324324,7752840547,17109.45
WLD,World,World,2020-06-19,8649556.0,971.9675675675676,484746.0,34.51891891891892,0.0,0.0,0.0,0.0,58.53605405405406,7752840547,17109.45
WLD,World,World,2020-06-20,8806932.0,850.6810810810811,489265.0,24.427027027027027,0.0,0.0,0.0,0.0,58.45600000000001,7752840547,17109.45
WLD,World,World,2020-06-21,8934561.0,689.8864864864864,493863.0,24.854054054054053,0.0,0.0,0.0,0.0,58.19578378378379,7752840547,17109.45
WLD,World,World,2020-06-22,9073818.0,752.7405405405406,497599.0,20.194594594594594,0.0,0.0,0.0,0.0,57.85810810810814,7752840547,17109.45
WLD,World,World,2020-06-23,9240577.0,901.4,503171.0,30.11891891891892,0.0,0.0,0.0,0.0,57.790486486486515,7752840547,17109.45
WLD,World,World,2020-06-24,9413121.0,932.6702702702703,508711.0,29.945945945945947,0.0,0.0,0.0,0.0,57.73551351351355,7752840547,17109.45
WLD,World,World,2020-06-25,9591416.0,963.7567567567568,513747.0,27.221621621621622,0.0,0.0,0.0,0.0,57.695621621621655,7752840547,17109.45
WLD,World,World,2020-06-26,9782949.0,1035.3135135135135,518829.0,27.47027027027027,0.0,0.0,0.0,0.0,57.4503783783784,7752840547,17109.45
WLD,World,World,2020-06-27,9961003.0,962.454054054054,523621.0,25.9027027027027,0.0,0.0,0.0,0.0,57.25259459459462,7752840547,17109.45
WLD,World,World,2020-06-28,10124782.0,885.2918918918919,527131.0,18.972972972972972,0.0,0.0,0.0,0.0,57.20751351351355,7752840547,17109.45
WLD,World,World,2020-06-29,10280058.0,839.3297297297297,531157.0,21.762162162162163,0.0,0.0,0.0,0.0,57.10994594594599,7752840547,17109.45
WLD,World,World,2020-06-30,10454468.0,942.7567567567568,536364.0,28.145945945945947,0.0,0.0,0.0,0.0,56.992162162162195,7752840547,17109.45
WLD,World,World,2020-07-01,10671997.0,1175.8324324324324,541672.0,28.691891891891892,0.0,0.0,0.0,0.0,55.94372972972977,7752840547,17109.45
WLD,World,World,2020-07-02,10881836.0,1134.2648648648649,547092.0,29.2972972972973,0.0,0.0,0.0,0.0,55.9987567567568,7752840547,17109.45
WLD,World,World,2020-07-03,11083138.0,1088.118918918919,552385.0,28.61081081081081,0.0,0.0,0.0,0.0,55.94875675675679,7752840547,17109.45
WLD,World,World,2020-07-04,11276845.0,1047.0648648648648,557175.0,25.89189189189189,0.0,0.0,0.0,0.0,56.0062702702703,7752840547,17109.45
WLD,World,World,2020-07-05,11460649.0,993.5351351351351,560996.0,20.654054054054054,0.0,0.0,0.0,0.0,55.95870270270272,7752840547,17109.45
WLD,World,World,2020-07-06,11624493.0,885.6432432432432,565225.0,22.85945945945946,0.0,0.0,0.0,0.0,55.87362162162165,7752840547,17109.45
WLD,World,World,2020-07-07,11835667.0,1141.4810810810811,571561.0,34.24864864864865,0.0,0.0,0.0,0.0,55.74854054054059,7752840547,17109.45
WLD,World,World,2020-07-08,12049643.0,1156.627027027027,577187.0,30.410810810810812,0.0,0.0,0.0,0.0,55.59837837837841,7752840547,17109.45
WLD,World,World,2020-07-09,12276269.0,1225.0054054054053,582972.0,31.27027027027027,0.0,0.0,0.0,0.0,55.56070270270273,7752840547,17109.45
WLD,World,World,2020-07-10,12508738.0,1256.5891891891893,588595.0,30.394594594594594,0.0,0.0,0.0,0.0,55.360378378378385,7752840547,17109.45
WLD,World,World,2020-07-11,12724999.0,1168.9783783783785,593804.0,28.156756756756756,0.0,0.0,0.0,0.0,55.362918918918936,7752840547,17109.45
WLD,World,World,2020-07-12,12917056.0,1038.1459459459459,598175.0,23.627027027027026,0.0,0.0,0.0,0.0,55.35291891891893,7752840547,17109.45
WLD,World,World,2020-07-13,13108318.0,1033.8486486486486,602489.0,23.318918918918918,0.0,0.0,0.0,0.0,55.125243243243254,7752840547,17109.45
WLD,World,World,2020-07-14,13330334.0,1200.0864864864866,608487.0,32.42162162162162,0.0,0.0,0.0,0.0,55.01010810810812,7752840547,17109.45
WLD,World,World,2020-07-15,13561653.0,1250.372972972973,614338.0,31.627027027027026,0.0,0.0,0.0,0.0,55.15783783783785,7752840547,17109.45
WLD,World,World,2020-07-16,13812879.0,1357.9783783783785,620515.0,33.38918918918919,0.0,0.0,0.0,0.0,55.09270270270271,7752840547,17109.45
WLD,World,World,2020-07-17,14055493.0,1311.427027027027,627552.0,38.037837837837834,0.0,0.0,0.0,0.0,54.79254054054054,7752840547,17109.45
WLD,World,World,2020-07-18,14291527.0,1275.8594594594595,634119.0,35.497297297297294,0.0,0.0,0.0,0.0,54.7324864864865,7752840547,17109.45
WLD,World,World,2020-07-19,14504823.0,1152.9513513513514,638795.0,25.275675675675675,0.0,0.0,0.0,0.0,54.86264864864866,7752840547,17109.45
WLD,World,World,2020-07-20,14711814.0,1118.8702702702703,642818.0,21.745945945945945,0.0,0.0,0.0,0.0,54.622378378378365,7752840547,17109.45
WLD,World,World,2020-07-21,14945268.0,1261.9135135135134,649212.0,34.56216216216216,0.0,0.0,0.0,0.0,54.3721081081081,7752840547,17109.45
WLD,World,World,2020-07-22,15224910.0,1511.5783783783784,656562.0,39.729729729729726,0.0,0.0,0.0,0.0,53.9465945945946,7752840547,17109.45
WLD,World,World,2020-07-23,15507588.0,1527.9891891891891,663177.0,35.75675675675676,0.0,0.0,0.0,0.0,53.97162162162162,7752840547,17109.45
WLD,World,World,2020-07-24,15788445.0,1518.1459459459459,669628.0,34.87027027027027,0.0,0.0,0.0,0.0,54.10427027027026,7752840547,17109.45
WLD,World,World,2020-07-25,16042300.0,1372.1891891891892,675773.0,33.21621621621622,0.0,0.0,0.0,0.0,54.124270270270266,7752840547,17109.45
WLD,World,World,2020-07-26,16255157.0,1150.5783783783784,680092.0,23.345945945945946,0.0,0.0,0.0,0.0,54.04918918918918,7752840547,17109.45
WLD,World,World,2020-07-27,16481343.0,1222.627027027027,685316.0,28.237837837837837,0.0,0.0,0.0,0.0,53.82643243243244,7752840547,17109.45
WLD,World,World,2020-07-28,16733844.0,1364.8702702702703,692031.0,36.2972972972973,0.0,0.0,0.0,0.0,53.753945945945944,7752840547,17109.45
WLD,World,World,2020-07-29,17025398.0,1575.9675675675676,699036.0,37.86486486486486,0.0,0.0,0.0,0.0,53.658810810810806,7752840547,17109.45
WLD,World,World,2020-07-30,17305249.0,1512.708108108108,705664.0,35.82702702702703,0.0,0.0,0.0,0.0,53.75886486486486,7752840547,17109.45
WLD,World,World,2020-07-31,17595760.0,1570.3297297297297,712230.0,35.49189189189189,0.0,0.0,0.0,0.0,53.926594594594576,7752840547,17109.45
WLD,World,World,2020-08-01,17843891.0,1341.2486486486487,718302.0,32.821621621621624,0.0,0.0,0.0,0.0,53.70389189189187,7752840547,17109.45
WLD,World,World,2020-08-02,18074661.0,1247.4054054054054,722694.0,23.74054054054054,0.0,0.0,0.0,0.0,53.73389189189187,7752840547,17109.45
WLD,World,World,2020-08-03,18280858.0,1114.5783783783784,727753.0,27.345945945945946,0.0,0.0,0.0,0.0,53.72891891891889,7752840547,17109.45
WLD,World,World,2020-08-04,18538548.0,1392.918918918919,734734.0,37.73513513513514,0.0,0.0,0.0,0.0,53.81399999999997,7752840547,17109.45
WLD,World,World,2020-08-05,18814914.0,1493.8702702702703,742208.0,40.4,0.0,0.0,0.0,0.0,53.81659459459458,7752840547,17109.45
WLD,World,World,2020-08-06,19099912.0,1540.5297297297298,749081.0,37.15135135135135,0.0,0.0,0.0,0.0,54.09935135135132,7752840547,17109.45
WLD,World,World,2020-08-07,19381976.0,1524.6702702702703,755775.0,36.18378378378378,0.0,0.0,0.0,0.0,54.27454054054053,7752840547,17109.45
WLD,World,World,2020-08-08,19640319.0,1396.4486486486487,761830.0,32.729729729729726,0.0,0.0,0.0,0.0,54.41708108108107,7752840547,17109.45
WLD,World,World,2020-08-09,19864829.0,1213.5675675675675,766618.0,25.88108108108108,0.0,0.0,0.0,0.0,54.39702702702702,7752840547,17109.45
WLD,World,World,2020-08-10,20090668.0,1220.7513513513513,772333.0,30.89189189189189,0.0,0.0,0.0,0.0,54.17183783783781,7752840547,17109.45
WLD,World,World,2020-08-11,20348069.0,1391.3567567567568,778933.0,35.67567567567568,0.0,0.0,0.0,0.0,54.17183783783782,7752840547,17109.45
WLD,World,World,2020-08-12,20624502.0,1494.2324324324325,785868.0,37.486486486486484,0.0,0.0,0.0,0.0,54.35454054054051,7752840547,17109.45
WLD,World,World,2020-08-13,20913527.0,1562.2972972972973,792691.0,36.88108108108108,0.0,0.0,0.0,0.0,54.389567567567546,7752840547,17109.45
WLD,World,World,2020-08-14,21217129.0,1641.091891891892,799347.0,35.97837837837838,0.0,0.0,0.0,0.0,54.271945945945916,7752840547,17109.45
WLD,World,World,2020-08-15,21464722.0,1338.3405405405406,805343.0,32.41081081081081,0.0,0.0,0.0,0.0,53.92151351351349,7752840547,17109.45
WLD,World,World,2020-08-16,21679071.0,1158.6432432432432,809959.0,24.951351351351352,0.0,0.0,0.0,0.0,53.891405405405386,7752840547,17109.45
WLD,World,World,2020-08-17,21886650.0,1122.0486486486486,814474.0,24.405405405405407,0.0,0.0,0.0,0.0,53.858918918918896,7752840547,17109.45
WLD,World,World,2020-08-18,22144764.0,1395.2108108108107,821685.0,38.97837837837838,0.0,0.0,0.0,0.0,53.77135135135131,7752840547,17109.45
WLD,World,World,2020-08-19,22424153.0,1510.2108108108107,828795.0,38.432432432432435,0.0,0.0,0.0,0.0,53.73129729729725,7752840547,17109.45
WLD,World,World,2020-08-20,22696550.0,1472.4162162162163,835194.0,34.58918918918919,0.0,0.0,0.0,0.0,53.691297297297254,7752840547,17109.45
WLD,World,World,2020-08-21,22957607.0,1411.118918918919,840919.0,30.945945945945947,0.0,0.0,0.0,0.0,53.801351351351315,7752840547,17109.45
WLD,World,World,2020-08-22,23221708.0,1427.572972972973,846718.0,31.345945945945946,0.0,0.0,0.0,0.0,53.78632432432428,7752840547,17109.45
WLD,World,World,2020-08-23,23427761.0,1113.8,850969.0,22.978378378378377,0.0,0.0,0.0,0.0,53.73135135135131,7752840547,17109.45
WLD,World,World,2020-08-24,23652890.0,1216.9135135135134,855779.0,26.0,0.0,0.0,0.0,0.0,53.67632432432429,7752840547,17109.45
WLD,World,World,2020-08-25,23896749.0,1318.1567567567567,862405.0,35.81621621621622,0.0,0.0,0.0,0.0,53.686324324324275,7752840547,17109.45
WLD,World,World,2020-08-26,24180391.0,1533.2,868960.0,35.432432432432435,0.0,0.0,0.0,0.0,53.63621621621617,7752840547,17109.45
WLD,World,World,2020-08-27,24464158.0,1533.8756756756757,875169.0,33.56216216216216,0.0,0.0,0.0,0.0,53.44097297297292,7752840547,17109.45
WLD,World,World,2020-08-28,24747650.0,1532.3891891891892,881030.0,31.681081081081082,0.0,0.0,0.0,0.0,53.420918918918865,7752840547,17109.45
WLD,World,World,2020-08-29,25011351.0,1425.4108108108107,886645.0,30.35135135135135,0.0,0.0,0.0,0.0,53.47091891891886,7752840547,17109.45
WLD,World,World,2020-08-30,25232220.0,1193.8864864864865,890959.0,23.318918918918918,0.0,0.0,0.0,0.0,53.47091891891886,7752840547,17109.45
WLD,World,World,2020-08-31,25494965.0,1420.2432432432433,895331.0,23.63243243243243,0.0,0.0,0.0,0.0,53.26589189189183,7752840547,17109.45
WLD,World,World,2020-09-01,25759725.0,1431.1351351351352,901992.0,36.005405405405405,0.0,0.0,0.0,0.0,52.61281081081075,7752840547,17109.45
WLD,World,World,2020-09-02,26043121.0,1531.8702702702703,908342.0,34.32432432432432,0.0,0.0,0.0,0.0,52.379999999999946,7752840547,17109.45
WLD,World,World,2020-09-03,26324503.0,1520.9837837837838,914410.0,32.8,0.0,0.0,0.0,0.0,52.40254054054048,7752840547,17109.45
WLD,World,World,2020-09-04,26638389.0,1696.6810810810812,920296.0,31.816216216216215,0.0,0.0,0.0,0.0,52.38999999999994,7752840547,17109.45
WLD,World,World,2020-09-05,26908333.0,1459.1567567567567,925443.0,27.82162162162162,0.0,0.0,0.0,0.0,52.39502702702698,7752840547,17109.45
WLD,World,World,2020-09-06,27138755.0,1245.5243243243244,929509.0,21.978378378378377,0.0,0.0,0.0,0.0,52.33999999999995,7752840547,17109.45
WLD,World,World,2020-09-07,27356598.0,1177.5297297297298,939099.0,51.83783783783784,0.0,0.0,0.0,0.0,51.76940540540536,7752840547,17109.45
WLD,World,World,2020-09-08,27598533.0,1307.7567567567567,944210.0,27.627027027027026,0.0,0.0,0.0,0.0,51.882054054053995,7752840547,17109.45
WLD,World,World,2020-09-09,27883271.0,1539.1243243243243,950480.0,33.891891891891895,0.0,0.0,0.0,0.0,51.91459459459455,7752840547,17109.45
WLD,World,World,2020-09-10,28183061.0,1620.4864864864865,956493.0,32.502702702702706,0.0,0.0,0.0,0.0,51.746864864864804,7752840547,17109.45
WLD,World,World,2020-09-11,28504372.0,1736.8162162162162,962513.0,32.54054054054054,0.0,0.0,0.0,0.0,51.66918918918913,7752840547,17109.45
WLD,World,World,2020-09-12,28790919.0,1548.9027027027028,967567.0,27.318918918918918,0.0,0.0,0.0,0.0,51.69670270270266,7752840547,17109.45
WLD,World,World,2020-09-13,29033588.0,1311.7243243243242,971502.0,21.27027027027027,0.0,0.0,0.0,0.0,51.666702702702665,7752840547,17109.45
WLD,World,World,2020-09-14,29297280.0,1425.3621621621621,976036.0,24.508108108108107,0.0,0.0,0.0,0.0,51.54897297297292,7752840547,17109.45
WLD,World,World,2020-09-15,29582656.0,1542.572972972973,982644.0,35.71891891891892,0.0,0.0,0.0,0.0,51.45637837837834,7752840547,17109.45
WLD,World,World,2020-09-16,29887127.0,1645.7891891891893,988590.0,32.14054054054054,0.0,0.0,0.0,0.0,51.418810810810776,7752840547,17109.45
WLD,World,World,2020-09-17,30201963.0,1701.8162162162162,994185.0,30.243243243243242,0.0,0.0,0.0,0.0,51.42891891891889,7752840547,17109.45
WLD,World,World,2020-09-18,30527825.0,1761.4162162162163,1000000.0,31.43243243243243,0.0,0.0,0.0,0.0,51.43394594594591,7752840547,17109.45
WLD,World,World,2020-09-19,30819924.0,1578.9135135135134,1005385.0,29.10810810810811,0.0,0.0,0.0,0.0,51.316324324324285,7752840547,17109.45
WLD,World,World,2020-09-20,31072009.0,1362.6216216216217,1009322.0,21.28108108108108,0.0,0.0,0.0,0.0,51.11610810810808,7752840547,17109.45
WLD,World,World,2020-09-21,31347922.0,1491.4216216216216,1013661.0,23.454054054054055,0.0,0.0,0.0,0.0,51.001027027027,7752840547,17109.45
WLD,World,World,2020-09-22,31632374.0,1537.5783783783784,1019862.0,33.51891891891892,0.0,0.0,0.0,0.0,50.868378378378345,7752840547,17109.45
WLD,World,World,2020-09-23,31908411.0,1492.091891891892,1025511.0,30.535135135135135,0.0,0.0,0.0,0.0,50.78335135135132,7752840547,17109.45
WLD,World,World,2020-09-24,32261377.0,1907.9243243243243,1032086.0,35.54054054054054,0.0,0.0,0.0,0.0,50.65572972972971,7752840547,17109.45
WLD,World,World,2020-09-25,32592214.0,1788.3081081081082,1038031.0,32.13513513513514,0.0,0.0,0.0,0.0,50.67578378378376,7752840547,17109.45
WLD,World,World,2020-09-26,32880631.0,1559.0108108108109,1043594.0,30.07027027027027,0.0,0.0,0.0,0.0,50.53578378378376,7752840547,17109.45
WLD,World,World,2020-09-27,33131995.0,1358.7243243243242,1047403.0,20.589189189189188,0.0,0.0,0.0,0.0,50.51578378378375,7752840547,17109.45
WLD,World,World,2020-09-28,33386786.0,1377.2486486486487,1051419.0,21.708108108108107,0.0,0.0,0.0,0.0,50.458162162162125,7752840547,17109.45
WLD,World,World,2020-09-29,33669290.0,1527.0486486486486,1057488.0,32.8054054054054,0.0,0.0,0.0,0.0,50.46567567567564,7752840547,17109.45
WLD,World,World,2020-09-30,33995463.0,1763.0972972972972,1064051.0,35.475675675675674,0.0,0.0,0.0,0.0,50.340486486486455,7752840547,17109.45
WLD,World,World,2020-10-01,34313720.0,1720.3081081081082,1072852.0,47.57297297297297,0.0,0.0,0.0,0.0,49.970108108108064,7752840547,17109.45
WLD,World,World,2020-10-02,34611532.0,1609.7945945945946,1077894.0,27.254054054054055,0.0,0.0,0.0,0.0,49.952702702702666,7752840547,17109.45
WLD,World,World,2020-10-03,34943565.0,1794.7729729729729,1083341.0,29.443243243243245,0.0,0.0,0.0,0.0,50.03275675675673,7752840547,17109.45
WLD,World,World,2020-10-04,35204929.0,1412.7783783783784,1087343.0,21.63243243243243,0.0,0.0,0.0,0.0,49.91264864864862,7752840547,17109.45
WLD,World,World,2020-10-05,35505838.0,1626.535135135135,1094339.0,37.81621621621622,0.0,0.0,0.0,0.0,49.84016216216214,7752840547,17109.45
WLD,World,World,2020-10-06,35832356.0,1764.9621621621623,1100188.0,31.616216216216216,0.0,0.0,0.0,0.0,49.74497297297295,7752840547,17109.45
WLD,World,World,2020-10-07,36183298.0,1896.9837837837838,1106106.0,31.98918918918919,0.0,0.0,0.0,0.0,49.612324324324305,7752840547,17109.45
WLD,World,World,2020-10-08,36544598.0,1952.972972972973,1112472.0,34.41081081081081,0.0,0.0,0.0,0.0,49.55221621621621,7752840547,17109.45
WLD,World,World,2020-10-09,36905419.0,1950.3837837837839,1118684.0,33.57837837837838,0.0,0.0,0.0,0.0,49.43972972972971,7752840547,17109.45
WLD,World,World,2020-10-10,37262475.0,1930.0324324324324,1123597.0,26.556756756756755,0.0,0.0,0.0,0.0,49.367135135135136,7752840547,17109.45
WLD,World,World,2020-10-11,37549378.0,1550.827027027027,1127699.0,22.17297297297297,0.0,0.0,0.0,0.0,49.344594594594604,7752840547,17109.45
WLD,World,World,2020-10-12,37841008.0,1567.9032258064517,1131770.0,21.887096774193548,0.0,0.0,0.0,0.0,48.924784946236564,7752840547,17109.45
WLD,World,World,2020-10-13,38160152.0,1715.8279569892472,1137146.0,28.903225806451612,0.0,0.0,0.0,0.0,48.84274193548387,7752840547,17109.45
WLD,World,World,2020-10-14,38542419.0,2055.1989247311826,1143363.0,33.424731182795696,0.0,0.0,0.0,0.0,48.86758064516128,7752840547,17109.45
WLD,World,World,2020-10-15,38949318.0,2187.6290322580644,1149447.0,32.70967741935484,0.0,0.0,0.0,0.0,48.723118279569896,7752840547,17109.45
WLD,World,World,2020-10-16,39360986.0,2213.2688172043013,1155769.0,33.98924731182796,0.0,0.0,0.0,0.0,48.58370967741935,7752840547,17109.45
WLD,World,World,2020-10-17,39733518.0,2002.8602150537633,1161446.0,30.521505376344088,0.0,0.0,0.0,0.0,48.52897849462365,7752840547,17109.45
WLD,World,World,2020-10-18,40049971.0,1701.3602150537633,1165057.0,19.413978494623656,0.0,0.0,0.0,0.0,48.4791935483871,7752840547,17109.45
WLD,World,World,2020-10-19,40437028.0,2080.951612903226,1169958.0,26.349462365591396,0.0,0.0,0.0,0.0,48.43440860215053,7752840547,17109.45
WLD,World,World,2020-10-20,40825885.0,2090.6290322580644,1176592.0,35.666666666666664,0.0,0.0,0.0,0.0,48.62860215053762,7752840547,17109.45
WLD,World,World,2020-10-21,41270669.0,2391.3118279569894,1183305.0,36.09139784946237,0.0,0.0,0.0,0.0,48.685860215053744,7752840547,17109.45
WLD,World,World,2020-10-22,41743239.0,2540.6989247311826,1189238.0,31.897849462365592,0.0,0.0,0.0,0.0,48.88989247311826,7752840547,17109.45
WLD,World,World,2020-10-23,42239852.0,2669.962365591398,1196316.0,38.053763440860216,0.0,0.0,0.0,0.0,48.9395698924731,7752840547,17109.45
WLD,World,World,2020-10-24,42696508.0,2455.1397849462364,1202199.0,31.629032258064516,0.0,0.0,0.0,0.0,49.01177419354837,7752840547,17109.45
WLD,World,World,2020-10-25,43057039.0,1938.3387096774193,1206396.0,22.56451612903226,0.0,0.0,0.0,0.0,48.984354838709656,7752840547,17109.45
WLD,World,World,2020-10-26,43543357.0,2614.6129032258063,1212006.0,30.161290322580644,0.0,0.0,0.0,0.0,49.14860215053762,7752840547,17109.45
WLD,World,World,2020-10-27,44013585.0,2528.1075268817203,1219452.0,40.03225806451613,0.0,0.0,0.0,0.0,48.88720430107523,7752840547,17109.45
WLD,World,World,2020-10-28,44524796.0,2733.748663101604,1226651.0,38.49732620320856,0.0,0.0,0.0,0.0,48.400481283422444,7752840547,17109.45
WLD,World,World,2020-10-29,45075178.0,2943.219251336898,1233798.0,38.219251336898395,0.0,0.0,0.0,0.0,48.37090909090907,7752840547,17109.45
WLD,World,World,2020-10-30,45645555.0,3050.144385026738,1241448.0,40.90909090909091,0.0,0.0,0.0,0.0,48.33133689839572,7752840547,17109.45
WLD,World,World,2020-10-31,46122379.0,2549.860962566845,1248117.0,35.663101604278076,0.0,0.0,0.0,0.0,48.29673796791444,7752840547,17109.45
WLD,World,World,2020-11-01,46584815.0,2472.9197860962568,1253166.0,27.0,0.0,0.0,0.0,0.0,48.03930481283424,7752840547,17109.45
WLD,World,World,2020-11-02,47146994.0,3006.304812834225,1259373.0,33.19251336898396,0.0,0.0,0.0,0.0,48.3166310160428,7752840547,17109.45
WLD,World,World,2020-11-03,47700001.0,2957.256684491979,1268807.0,50.44919786096256,0.0,0.0,0.0,0.0,48.3364705882353,7752840547,17109.45
WLD,World,World,2020-11-04,48210940.0,2732.294117647059,1278944.0,54.20855614973262,0.0,0.0,0.0,0.0,48.47010695187166,7752840547,17109.45
WLD,World,World,2020-11-05,48806850.0,3186.6844919786095,1287029.0,43.23529411764706,0.0,0.0,0.0,0.0,48.551818181818184,7752840547,17109.45
WLD,World,World,2020-11-06,49451004.0,3444.6737967914437,1296759.0,52.032085561497325,0.0,0.0,0.0,0.0,48.58657754010695,7752840547,17109.45
WLD,World,World,2020-11-07,50047956.0,3192.256684491979,1304422.0,40.97860962566845,0.0,0.0,0.0,0.0,48.700427807486626,7752840547,17109.45
WLD,World,World,2020-11-08,50532028.0,2588.620320855615,1310351.0,31.705882352941178,0.0,0.0,0.0,0.0,48.7003743315508,7752840547,17109.45
WLD,World,World,2020-11-09,51031563.0,2671.3101604278077,1317581.0,38.663101604278076,0.0,0.0,0.0,0.0,48.88352941176471,7752840547,17109.45
WLD,World,World,2020-11-10,51590352.0,2972.281914893617,1327613.0,53.361702127659576,0.0,0.0,0.0,0.0,48.61335106382978,7752840547,17109.45
WLD,World,World,2020-11-11,52238349.0,3446.7925531914893,1338113.0,55.851063829787236,0.0,0.0,0.0,0.0,48.68473404255318,7752840547,17109.45
WLD,World,World,2020-11-12,52887036.0,3450.4627659574467,1347929.0,52.212765957446805,0.0,0.0,0.0,0.0,49.049255319148926,7752840547,17109.45
WLD,World,World,2020-11-13,53538155.0,3463.398936170213,1357561.0,51.234042553191486,0.0,0.0,0.0,0.0,49.06398936170212,7752840547,17109.45
WLD,World,World,2020-11-14,54133290.0,3165.6117021276596,1366726.0,48.75,0.0,0.0,0.0,0.0,49.229042553191476,7752840547,17109.45
WLD,World,World,2020-11-15,54606097.0,2514.93085106383,1373162.0,34.234042553191486,0.0,0.0,0.0,0.0,49.364468085106374,7752840547,17109.45
WLD,World,World,2020-11-16,55139545.0,2837.4893617021276,1381124.0,42.351063829787236,0.0,0.0,0.0,0.0,49.467872340425515,7752840547,17109.45
WLD,World,World,2020-11-17,55750801.0,3251.3617021276596,1392244.0,59.148936170212764,0.0,0.0,0.0,0.0,49.536914893617,7752840547,17109.45
WLD,World,World,2020-11-18,56376568.0,3310.936507936508,1403684.0,60.52910052910053,0.0,0.0,0.0,0.0,49.26740740740739,7752840547,17109.45
WLD,World,World,2020-11-19,57029308.0,3453.6507936507937,1414796.0,58.79365079365079,0.0,0.0,0.0,0.0,49.30661375661374,7752840547,17109.45
WLD,World,World,2020-11-20,57697233.0,3533.994708994709,1426626.0,62.592592592592595,0.0,0.0,0.0,0.0,49.45354497354497,7752840547,17109.45
WLD,World,World,2020-11-21,58284248.0,3105.899470899471,1435584.0,47.3968253968254,0.0,0.0,0.0,0.0,49.53201058201058,7752840547,17109.45
WLD,World,World,2020-11-22,58771685.0,2579.031746031746,1442878.0,38.592592592592595,0.0,0.0,0.0,0.0,49.52962962962963,7752840547,17109.45
WLD,World,World,2020-11-23,59295999.0,2774.1481481481483,1451431.0,45.25396825396825,0.0,0.0,0.0,0.0,49.554126984126974,7752840547,17109.45
WLD,World,World,2020-11-24,59885681.0,3120.010582010582,1464136.0,67.22222222222223,0.0,0.0,0.0,0.0,49.279788359788334,7752840547,17109.45
WLD,World,World,2020-11-25,60521317.0,3363.153439153439,1476314.0,64.43386243386243,0.0,0.0,0.0,0.0,49.524761904761895,7752840547,17109.45
WLD,World,World,2020-11-26,61103221.0,3078.8571428571427,1487279.0,58.01587301587302,0.0,0.0,0.0,0.0,49.549259259259244,7752840547,17109.45
WLD,World,World,2020-11-27,61789350.0,3630.3121693121693,1498660.0,60.216931216931215,0.0,0.0,0.0,0.0,49.686455026455015,7752840547,17109.45
WLD,World,World,2020-11-28,62374870.0,3097.989417989418,1507925.0,49.02116402116402,0.0,0.0,0.0,0.0,49.88243386243386,7752840547,17109.45
WLD,World,World,2020-11-29,62862921.0,2582.2804232804233,1515122.0,38.07936507936508,0.0,0.0,0.0,0.0,49.823650793650785,7752840547,17109.45
WLD,World,World,2020-11-30,63370774.0,2687.05291005291,1524078.0,47.386243386243386,0.0,0.0,0.0,0.0,49.99999999999999,7752840547,17109.45
WLD,World,World,2020-12-01,63982470.0,3236.4867724867727,1536823.0,67.43386243386243,0.0,0.0,0.0,0.0,49.77719576719576,7752840547,17109.45
WLD,World,World,2020-12-02,64634205.0,3448.3333333333335,1549516.0,67.15873015873017,0.0,0.0,0.0,0.0,49.85555555555555,7752840547,17109.45
WLD,World,World,2020-12-03,65328341.0,3672.677248677249,1562077.0,66.46031746031746,0.0,0.0,0.0,0.0,49.9437566137566,7752840547,17109.45
WLD,World,World,2020-12-04,66011476.0,3614.4708994708994,1574675.0,66.65608465608466,1.0,1.0,0.0,0.0,50.046613756613745,7752840547,17109.45
WLD,World,World,2020-12-05,66651688.0,3387.3650793650795,1584897.0,54.08465608465608,0.0,0.0,0.0,0.0,50.03190476190475,7752840547,17109.45
WLD,World,World,2020-12-06,67190215.0,2849.3492063492063,1592377.0,39.576719576719576,0.0,0.0,0.0,0.0,50.03190476190475,7752840547,17109.45
WLD,World,World,2020-12-07,67709266.0,2746.3015873015875,1601136.0,46.34391534391534,0.0,0.0,0.0,0.0,50.056455026455,7752840547,17109.45
WLD,World,World,2020-12-08,68352197.0,3401.7513227513227,1613510.0,65.47089947089947,0.0,0.0,0.0,0.0,50.07851851851852,7752840547,17109.45
WLD,World,World,2020-12-09,69021656.0,3542.1111111111113,1626177.0,67.02116402116403,0.0,0.0,0.0,0.0,50.009894179894175,7752840547,17109.45
WLD,World,World,2020-12-10,70519220.0,3567.931216931217,1638861.0,67.11111111111111,0.0,0.0,0.0,0.0,50.024550264550264,7752840547,17109.45
WLD,World,World,2020-12-11,71223239.0,3724.968253968254,1651966.0,69.33862433862434,0.0,0.0,0.0,0.0,50.04164021164021,7752840547,17109.45
WLD,World,World,2020-12-12,71857777.0,3357.3439153439153,1662587.0,56.195767195767196,0.0,0.0,0.0,0.0,50.01465608465609,7752840547,17109.45
WLD,World,World,2020-12-13,72388421.0,2807.6402116402114,1670162.0,40.07936507936508,86465.0,86465.0,0.0,0.0,50.06857142857143,7752840547,17109.45
WLD,World,World,2020-12-14,72912972.0,2775.4021164021165,1679305.0,48.37566137566137,5.0,5.0,0.0,0.0,50.16894179894179,7752840547,17109.45
WLD,World,World,2020-12-15,73548870.0,3364.5396825396824,1693256.0,73.81481481481481,1529223.0,29223.0,0.0,3.798941798941799,49.973174603174606,7752840547,17109.45
WLD,World,World,2020-12-16,74282244.0,3880.285714285714,1707027.0,72.86243386243386,3025.0,3025.0,0.0,12.16931216931217,50.16412698412698,7752840547,17109.45
WLD,World,World,2020-12-17,75022001.0,3914.058201058201,1720481.0,71.18518518518519,7203.0,7203.0,0.0,22.11111111111111,50.14947089947089,7752840547,17109.45
WLD,World,World,2020-12-18,75741488.0,3806.809523809524,1733387.0,68.28571428571429,11184.0,11184.0,0.0,21.063492063492063,50.35518518518518,7752840547,17109.45
WLD,World,World,2020-12-19,76352592.0,3233.354497354497,1744285.0,57.66137566137566,11965.0,11965.0,0.0,3.814814814814815,50.36746031746032,7752840547,17109.45
WLD,World,World,2020-12-20,76886038.0,2822.4656084656085,1752164.0,41.68783068783069,1251679.0,1251679.0,0.0,43.48148148148148,50.49492063492064,7752840547,17109.45
WLD,World,World,2020-12-21,77434725.0,2903.10582010582,1761843.0,51.21164021164021,667313.0,667313.0,0.0,481.06349206349205,51.131798941798934,7752840547,17109.45
WLD,World,World,2020-12-22,78085082.0,3441.042328042328,1776204.0,75.98412698412699,155565.0,155565.0,0.0,266.46560846560845,51.30571428571427,7752840547,17109.45
WLD,World,World,2020-12-23,78779939.0,3676.4920634920636,1790080.0,73.41798941798942,1221874.0,1221874.0,0.0,377.3862433862434,51.52365079365078,7752840547,17109.45
WLD,World,World,2020-12-24,79446530.0,3526.936507936508,1801830.0,62.16931216931217,312004.0,312004.0,0.0,501.35449735449737,51.63132275132273,7752840547,17109.45
WLD,World,World,2020-12-25,79911619.0,2460.7883597883597,1810454.0,45.629629629629626,352714.0,352714.0,0.0,231.21693121693121,51.70481481481479,7752840547,17109.45
WLD,World,World,2020-12-26,80424079.0,2697.157894736842,1817922.0,39.305263157894736,2337060.0,2337060.0,0.0,209.2,51.56673684210524,7752840547,17109.45
WLD,World,World,2020-12-27,80862527.0,2307.621052631579,1825468.0,39.71578947368421,1571705.0,1571692.0,13.0,614.9,51.66426315789472,7752840547,17109.45
WLD,World,World,2020-12-28,81358187.0,2608.7368421052633,1835250.0,51.48421052631579,2880363.0,2876616.0,153.0,949.1684210526316,51.59110526315789,7752840547,17109.45
WLD,World,World,2020-12-29,82022662.0,3497.2368421052633,1850482.0,80.16842105263157,1020338.0,1018779.0,869.0,1412.0684210526315,51.393631578947364,7752840547,17109.45
WLD,World,World,2020-12-30,82783909.0,4006.563157894737,1865879.0,81.03684210526316,4139478.0,4138498.0,999.0,1638.4894736842105,51.49105263157895,7752840547,17109.45
WLD,World,World,2020-12-31,83508617.0,3814.2526315789473,1879058.0,69.36315789473684,6115120.0,1578471.0,1088.0,1464.1842105263158,51.84678947368422,7752840547,17109.45
WLD,World,World,2021-01-01,84041565.0,2804.9894736842107,1888860.0,51.589473684210525,1646845.0,1645767.0,1097.0,626.078947368421,51.55442105263158,7752840547,17109.45
WLD,World,World,2021-01-02,84668076.0,3297.426315789474,1897486.0,45.4,6903989.0,6902625.0,1396.0,927.5315789473684,51.59089473684211,7752840547,17109.45
WLD,World,World,2021-01-03,85200516.0,2802.315789473684,1904930.0,39.17894736842105,3512956.0,3511586.0,1402.0,1175.9263157894736,51.720105263157905,7752840547,17109.45
WLD,World,World,2021-01-04,85754357.0,2914.952631578947,1915201.0,54.05789473684211,7203105.0,7154480.0,1458.0,1916.7842105263157,51.734578947368426,7752840547,17109.45
WLD,World,World,2021-01-05,86494042.0,3893.0789473684213,1930708.0,81.61578947368422,8739760.0,7906314.0,1753.0,3866.878947368421,51.47142105263158,7752840547,17109.45
WLD,World,World,2021-01-06,87277607.0,4124.026315789473,1945815.0,79.51052631578948,9588851.0,8622549.0,2215.0,4557.421052631579,52.09526315789473,7752840547,17109.45
WLD,World,World,2021-01-07,88157881.0,4633.021052631579,1960942.0,79.61578947368422,10836763.0,9922776.0,2910.0,5990.9473684210525,52.29994736842103,7752840547,17109.45
WLD,World,World,2021-01-08,88960824.0,4226.015789473684,1976177.0,80.1842105263158,12263178.0,11199070.0,3998.0,6933.873684210526,52.397421052631564,7752840547,17109.45
WLD,World,World,2021-01-09,89722090.0,4006.6631578947367,1989173.0,68.4,14705876.0,4502231.0,5091.0,1926.2894736842106,52.465631578947345,7752840547,17109.45
WLD,World,World,2021-01-10,90310879.0,3050.720207253886,1997749.0,44.43523316062176,8572223.0,7879713.0,652643.0,1394.041450777202,51.95233160621759,7752840547,17109.45
WLD,World,World,2021-01-11,90930273.0,3209.295336787565,2008090.0,53.58031088082902,18502657.0,16878588.0,442767.0,3336.984455958549,51.604663212435206,7752840547,17109.45
WLD,World,World,2021-01-12,91635549.0,3654.279792746114,2025371.0,89.53886010362694,19741484.0,17953736.0,494645.0,6418.129533678756,51.22316062176165,7752840547,17109.45
WLD,World,World,2021-01-13,92383577.0,3875.79274611399,2042221.0,87.30569948186529,33077322.0,10667084.0,571481.0,11200.134715025906,51.33119170984455,7752840547,17109.45
WLD,World,World,2021-01-14,93138585.0,3911.958549222798,2057886.0,81.16580310880829,24298383.0,20456529.0,1995149.0,12689.435233160622,51.559067357512944,7752840547,17109.45
WLD,World,World,2021-01-15,93905525.0,3973.7823834196893,2073027.0,78.45077720207254,27165878.0,22376890.0,2312689.0,13877.279792746114,51.67901554404144,7752840547,17109.45
WLD,World,World,2021-01-16,94544847.0,3312.5492227979275,2086619.0,70.42487046632124,15214413.0,11848145.0,733291.0,5353.533678756477,51.72699481865285,7752840547,17109.45
WLD,World,World,2021-01-17,95073492.0,2739.0932642487046,2095508.0,46.056994818652846,15753566.0,12362688.0,849435.0,3438.497409326425,51.86129533678756,7752840547,17109.45
WLD,World,World,2021-01-18,95588740.0,2669.678756476684,2105279.0,50.626943005181346,17910200.0,14174001.0,1018365.0,6507.181347150259,51.774766839378216,7752840547,17109.45
WLD,World,World,2021-01-19,96196409.0,3148.544041450777,2122228.0,87.81865284974093,35276604.0,28989874.0,3270105.0,8421.373056994818,51.842020725388586,7752840547,17109.45
WLD,World,World,2021-01-20,96889077.0,3588.9533678756475,2140279.0,93.52849740932642,53054544.0,31022646.0,3685295.0,12491.9896373057,51.92352331606216,7752840547,17109.45
WLD,World,World,2021-01-21,97544822.0,3362.7948717948716,2157423.0,87.91794871794872,40848199.0,33066349.0,4235825.0,15184.16923076923,51.400512820512795,7752840547,17109.45
WLD,World,World,2021-01-22,98203601.0,3378.353846153846,2173617.0,83.04615384615384,44579156.0,35995894.0,4774556.0,17766.984615384616,51.49071794871792,7752840547,17109.45
WLD,World,World,2021-01-23,98771871.0,2914.2051282051284,2187381.0,70.58461538461539,46504132.0,37192453.0,5146582.0,15229.635897435897,51.50025641025639,7752840547,17109.45
WLD,World,World,2021-01-24,99217661.0,2274.438775510204,2196477.0,46.40816326530612,50161103.0,40316347.0,5644174.0,10983.158163265307,51.20918367346937,7752840547,17109.45
WLD,World,World,2021-01-25,99713627.0,2530.438775510204,2207696.0,57.23979591836735,52403607.0,42066110.0,6115432.0,13217.515306122448,51.16673469387754,7752840547,17109.45
WLD,World,World,2021-01-26,100269951.0,2838.387755102041,2225324.0,89.93877551020408,55110205.0,43838629.0,6647158.0,12921.219387755102,51.221224489795915,7752840547,17109.45
WLD,World,World,2021-01-27,100867739.0,3034.456852791878,2242480.0,87.08629441624366,81371272.0,46401419.0,7369382.0,16438.147208121827,51.200862944162424,7752840547,17109.45
WLD,World,World,2021-01-28,101482184.0,3119.0101522842638,2259640.0,87.10659898477158,62538159.0,48989690.0,8275378.0,21423.197969543147,51.158578680203036,7752840547,17109.45
WLD,World,World,2021-01-29,102072014.0,2978.939393939394,2275143.0,78.29797979797979,65262975.0,50603220.0,8926340.0,21061.070707070707,51.017171717171706,7752840547,17109.45
WLD,World,World,2021-01-30,102587491.0,2603.419191919192,2288689.0,68.41414141414141,69319902.0,53477324.0,9767115.0,18308.40404040404,51.068636363636365,7752840547,17109.45
WLD,World,World,2021-01-31,102968713.0,1925.3636363636363,2297236.0,43.166666666666664,96932428.0,56404266.0,10653999.0,13223.045454545454,51.17621212121212,7752840547,17109.45
WLD,World,World,2021-02-01,103415260.0,2255.287878787879,2307928.0,54.0,75782499.0,58153163.0,11413588.0,14128.025252525253,50.62883838383836,7752840547,17109.45
WLD,World,World,2021-02-02,103873187.0,2289.635,2323216.0,76.44,78346657.0,59957450.0,11893026.0,12530.545,49.946649999999984,7752840547,17109.45
WLD,World,World,2021-02-03,104394350.0,2592.8507462686566,2339296.0,80.0,113507980.0,62502272.0,12985949.0,18132.213930348258,49.87323383084575,7752840547,17109.45
WLD,World,World,2021-02-04,104860970.0,2310.0,2352214.0,63.95049504950495,87031709.0,65616321.0,14136068.0,22800.574257425742,49.527821782178194,7752840547,17109.45
WLD,World,World,2021-02-05,105396139.0,2649.3514851485147,2369382.0,84.99009900990099,88812571.0,66823921.0,14384651.0,19170.326732673268,49.4637128712871,7752840547,17109.45
WLD,World,World,2021-02-06,105768453.0,1843.1386138613861,2379812.0,51.633663366336634,92498954.0,68985827.0,15554018.0,21006.58910891089,49.5507425742574,7752840547,17109.45
WLD,World,World,2021-02-07,106166629.0,1961.4581280788177,2388005.0,40.35960591133005,98567879.0,73438955.0,17505317.0,15374.75369458128,49.19714285714283,7752840547,17109.45
WLD,World,World,2021-02-08,106481785.0,1537.3463414634145,2396988.0,43.81951219512195,99603185.0,73343792.0,17855043.0,15332.663414634146,48.606585365853654,7752840547,17109.45
WLD,World,World,2021-02-09,106909451.0,2086.1756097560974,2413005.0,78.13170731707316,144563304.0,76320392.0,19112851.0,15409.112195121952,48.574878048780484,7752840547,17109.45
WLD,World,World,2021-02-10,107344724.0,2123.2829268292685,2426920.0,67.8780487804878,108890705.0,79521525.0,19924504.0,22664.50243902439,48.570341463414636,7752840547,17109.45
WLD,World,World,2021-02-11,107786193.0,2153.5073170731707,2440644.0,66.94634146341464,113907758.0,82815073.0,21831484.0,22589.89756097561,48.4980975609756,7752840547,17109.45
WLD,World,World,2021-02-12,108214198.0,2087.829268292683,2453790.0,64.12682926829268,116207769.0,87127115.0,22278388.0,26445.99512195122,48.26321951219511,7752840547,17109.45
WLD,World,World,2021-02-13,108587596.0,1821.4536585365854,2464119.0,50.385365853658534,122617061.0,90940551.0,24036491.0,21996.00487804878,48.77365853658536,7752840547,17109.45
WLD,World,World,2021-02-14,108881560.0,1433.970731707317,2470721.0,32.204878048780486,119648407.0,87717529.0,26610471.0,16296.8,48.746585365853655,7752840547,17109.45
WLD,World,World,2021-02-15,109164005.0,1377.780487804878,2478124.0,36.11219512195122,78951509.0,58815077.0,13116947.0,10060.058536585366,48.73536585365852,7752840547,17109.45
WLD,World,World,2021-02-16,109514555.0,1710.0,2489723.0,56.58048780487805,136750932.0,100604822.0,28759321.0,16716.639024390242,48.72848780487801,7752840547,17109.45
WLD,World,World,2021-02-17,109910131.0,1929.639024390244,2501607.0,57.97073170731707,142142263.0,103773126.0,30310137.0,23400.6,48.64717073170727,7752840547,17109.45
WLD,World,World,2021-02-18,110313337.0,1966.8585365853658,2513431.0,57.678048780487806,148141814.0,106710795.0,32058681.0,28803.60975609756,48.493560975609725,7752840547,17109.45
WLD,World,World,2021-02-19,110725556.0,2010.8243902439024,2525150.0,57.165853658536584,146385800.0,108181699.0,32405542.0,26409.414634146342,48.534195121951186,7752840547,17109.45
WLD,World,World,2021-02-20,111096182.0,1807.9317073170732,2534012.0,43.229268292682924,154589439.0,114116904.0,34571425.0,19042.81463414634,48.49804878048777,7752840547,17109.45
WLD,World,World,2021-02-21,111409670.0,1529.209756097561,2540370.0,31.014634146341464,155249625.0,112631962.0,36704116.0,14473.341463414634,48.53878048780484,7752840547,17109.45
WLD,World,World,2021-02-22,111698047.0,1406.7170731707317,2547798.0,36.234146341463415,162421550.0,118271403.0,37625899.0,15344.79512195122,48.4032682926829,7752840547,17109.45
WLD,World,World,2021-02-23,112086647.0,1895.6097560975609,2559509.0,57.12682926829268,166284740.0,124595229.0,41309745.0,19814.51219512195,48.656048780487794,7752840547,17109.45
WLD,World,World,2021-02-24,112530771.0,2166.458536585366,2571934.0,60.609756097560975,175437271.0,126877950.0,41780105.0,25001.78536585366,48.62448780487804,7752840547,17109.45
WLD,World,World,2021-02-25,112977815.0,2180.70243902439,2582565.0,51.858536585365854,177619513.0,128259474.0,42925095.0,29251.473170731708,48.615463414634135,7752840547,17109.45
WLD,World,World,2021-02-26,113420412.0,2159.009756097561,2593277.0,52.25365853658536,180454309.0,129140263.0,44950861.0,29325.18048780488,48.76,7752840547,17109.45
WLD,World,World,2021-02-27,113809693.0,1898.9317073170732,2601912.0,42.1219512195122,186053956.0,133082225.0,45718423.0,25517.614634146343,48.78482926829267,7752840547,17109.45
WLD,World,World,2021-02-28,114113267.0,1480.8487804878048,2608032.0,29.853658536585368,246433390.0,137862030.0,49530997.0,18022.32682926829,48.88873170731706,7752840547,17109.45
WLD,World,World,2021-03-01,114419000.0,1491.3804878048782,2615904.0,38.4,197099576.0,139477699.0,50136741.0,20174.258536585367,48.787024390243886,7752840547,17109.45
WLD,World,World,2021-03-02,114727492.0,1504.8390243902438,2626242.0,50.42926829268293,209223064.0,149325837.0,52209246.0,27588.22926829268,48.29029268292683,7752840547,17109.45
WLD,World,World,2021-03-03,115168064.0,2149.131707317073,2637985.0,57.28292682926829,215811957.0,153479365.0,55522699.0,33571.019512195126,48.38068292682927,7752840547,17109.45
WLD,World,World,2021-03-04,115621122.0,2210.039024390244,2648258.0,50.11219512195122,226101544.0,158720650.0,56693253.0,38352.79512195122,48.367121951219524,7752840547,17109.45
WLD,World,World,2021-03-05,116067553.0,2177.712195121951,2658949.0,52.15121951219512,225016702.0,159137171.0,57708997.0,38616.13170731707,48.434926829268306,7752840547,17109.45
WLD,World,World,2021-03-06,116476981.0,1997.209756097561,2667036.0,39.448780487804875,219659133.0,155169575.0,57199871.0,33516.243902439026,48.3988292682927,7752840547,17109.45
WLD,World,World,2021-03-07,116845359.0,1796.9658536585366,2672944.0,28.819512195121952,231902731.0,161001476.0,59104996.0,17876.52195121951,48.27239024390245,7752840547,17109.45
WLD,World,World,2021-03-08,117142828.0,1451.0682926829268,2680015.0,34.49268292682927,239298863.0,168279092.0,62356393.0,30238.71707317073,48.15941463414637,7752840547,17109.45
WLD,World,World,2021-03-09,117557518.0,2022.878048780488,2690660.0,51.926829268292686,248552431.0,175993519.0,63763034.0,31645.473170731708,48.03751219512196,7752840547,17109.45
WLD,World,World,2021-03-10,118023599.0,2273.5658536585365,2700701.0,48.98048780487805,263972374.0,186297301.0,68479352.0,36795.72682926829,48.54331707317073,7752840547,17109.45
WLD,World,World,2021-03-11,118500492.0,2326.307317073171,2710918.0,49.8390243902439,279365140.0,194769644.0,71819671.0,37482.68780487805,48.742000000000004,7752840547,17109.45
WLD,World,World,2021-03-12,118988448.0,2380.2731707317075,2721007.0,49.21463414634146,271817977.0,190615365.0,72040945.0,46850.43414634146,48.72619512195122,7752840547,17109.45
WLD,World,World,2021-03-13,119442663.0,2215.682926829268,2729465.0,41.25853658536585,281027544.0,197551846.0,75105444.0,48041.76097560976,48.76463414634147,7752840547,17109.45
WLD,World,World,2021-03-14,119803105.0,1749.7184466019417,2735434.0,28.975728155339805,349906104.0,201473515.0,74846336.0,16027.902912621359,48.527912621359235,7752840547,17109.45
WLD,World,World,2021-03-15,120150164.0,1684.7524271844661,2742855.0,36.02427184466019,301269358.0,211576201.0,80982304.0,42251.461165048546,48.29189320388351,7752840547,17109.45
WLD,World,World,2021-03-16,120622675.0,2293.742718446602,2753409.0,51.23300970873787,300004348.0,206653144.0,79569511.0,38335.62621359223,48.17296116504858,7752840547,17109.45
WLD,World,World,2021-03-17,121162104.0,2618.5873786407765,2763714.0,50.02427184466019,324767608.0,226990590.0,88887920.0,43232.03398058253,48.47631067961169,7752840547,17109.45
WLD,World,World,2021-03-18,121715664.0,2687.1844660194174,2774738.0,53.51456310679612,332326029.0,233781017.0,89535205.0,45952.155339805824,48.47631067961169,7752840547,17109.45
WLD,World,World,2021-03-19,122275410.0,2717.21359223301,2785782.0,53.61165048543689,340537169.0,233652208.0,92427856.0,51344.04854368932,48.41563106796121,7752840547,17109.45
WLD,World,World,2021-03-20,122774375.0,2422.160194174757,2794484.0,42.24271844660194,427473542.0,247990563.0,95014030.0,45756.6213592233,48.456019417475765,7752840547,17109.45
WLD,World,World,2021-03-21,123197744.0,2055.1893203883496,2800394.0,28.689320388349515,349059532.0,244052050.0,94715517.0,26473.572815533982,48.41106796116509,7752840547,17109.45
WLD,World,World,2021-03-22,123614408.0,2022.6407766990292,2808433.0,39.02427184466019,448694458.0,258935430.0,98771941.0,44501.72330097087,48.467281553398095,7752840547,17109.45
WLD,World,World,2021-03-23,124128738.0,2484.685990338164,2819937.0,55.57487922705314,456032936.0,256082954.0,100634445.0,59984.57487922705,48.15265700483095,7752840547,17109.45
WLD,World,World,2021-03-24,124758420.0,3041.942028985507,2830304.0,50.08212560386473,464026361.0,266166845.0,101205384.0,62684.91787439614,48.08111111111114,7752840547,17109.45
WLD,World,World,2021-03-25,125409851.0,3147.009661835749,2841982.0,56.41545893719807,479827078.0,273340052.0,104090341.0,75425.19806763285,48.27570048309181,7752840547,17109.45
WLD,World,World,2021-03-26,126051258.0,3098.584541062802,2854875.0,62.28502415458937,501241541.0,282299090.0,110311317.0,85902.7342995169,48.41652173913047,7752840547,17109.45
WLD,World,World,2021-03-27,126635992.0,2824.8019323671497,2865011.0,48.966183574879224,500814350.0,279404978.0,107274074.0,69433.14009661836,48.64246376811597,7752840547,17109.45
WLD,World,World,2021-03-28,127106076.0,2270.937198067633,2872251.0,34.97584541062802,495901243.0,269246163.0,101354586.0,49244.961352657,48.879516908212594,7752840547,17109.45
WLD,World,World,2021-03-29,127560068.0,2172.2105263157896,2880669.0,40.27751196172249,535240543.0,297077540.0,114953818.0,50318.27751196172,48.86148325358854,7752840547,17109.45
WLD,World,World,2021-03-30,128127769.0,2716.2727272727275,2892749.0,57.79904306220096,552712148.0,298966830.0,119642203.0,57525.703349282296,48.8372248803828,7752840547,17109.45
WLD,World,World,2021-03-31,128810700.0,3267.6124401913876,2905592.0,61.44976076555024,587403219.0,327905843.0,127426859.0,78359.31578947368,48.79291866028709,7752840547,17109.45
WLD,World,World,2021-04-01,129520663.0,3396.9521531100477,2917977.0,59.25837320574163,579459453.0,313875651.0,126464943.0,93888.44019138756,48.51377990430624,7752840547,17109.45
WLD,World,World,2021-04-02,130154458.0,3032.511961722488,2928658.0,51.10526315789474,611879953.0,333111020.0,132013504.0,90934.34928229665,48.55799043062202,7752840547,17109.45
WLD,World,World,2021-04-03,130684095.0,2534.1483253588517,2937801.0,43.74641148325359,616640082.0,336602726.0,131146036.0,63618.296650717704,48.799521531100496,7752840547,17109.45
WLD,World,World,2021-04-04,131237059.0,2633.1619047619047,2945184.0,35.15714285714286,635740469.0,349014450.0,133807488.0,54386.590476190475,48.86257142857145,7752840547,17109.45
WLD,World,World,2021-04-05,131726368.0,2341.1913875598084,2952898.0,36.90909090909091,653581205.0,358906612.0,138903564.0,60307.44497607656,49.09397129186603,7752840547,17109.45
WLD,World,World,2021-04-06,132327334.0,2875.4354066985647,2965467.0,60.13875598086124,670954569.0,367359323.0,144642989.0,68653.14832535885,49.24894736842106,7752840547,17109.45
WLD,World,World,2021-04-07,133010978.0,3271.023923444976,2980791.0,73.32057416267942,686884586.0,378324255.0,146263335.0,79618.11961722487,49.16028708133971,7752840547,17109.45
WLD,World,World,2021-04-08,133849973.0,3995.214285714286,2995614.0,70.58571428571429,719621455.0,397387490.0,154001926.0,103040.75238095238,48.91295238095237,7752840547,17109.45
WLD,World,World,2021-04-09,134598030.0,3545.2938388625594,3009507.0,65.8436018957346,716238636.0,389110953.0,153165373.0,97469.21327014218,48.74701421800947,7752840547,17109.45
WLD,World,World,2021-04-10,135262689.0,3165.042857142857,3022367.0,61.23809523809524,746272012.0,408722257.0,161161348.0,78734.06666666667,49.10919047619047,7752840547,17109.45
WLD,World,World,2021-04-11,135953559.0,3289.8571428571427,3031748.0,44.67142857142857,743318803.0,406501969.0,157711624.0,57664.8,49.06504761904761,7752840547,17109.45
WLD,World,World,2021-04-12,136570029.0,2935.5714285714284,3041629.0,47.05238095238095,778722492.0,427368020.0,167129273.0,77061.18095238095,48.35299999999998,7752840547,17109.45
WLD,World,World,2021-04-13,137347555.0,3702.504761904762,3055425.0,65.6952380952381,800721435.0,438641887.0,174916470.0,88660.54285714286,47.963,7752840547,17109.45
WLD,World,World,2021-04-14,138163413.0,3885.038095238095,3069498.0,67.01428571428572,812009698.0,441327864.0,178229237.0,78538.16666666667,48.15919047619049,7752840547,17109.45
WLD,World,World,2021-04-15,138980193.0,3908.0382775119615,3083171.0,65.42105263157895,803464052.0,433385889.0,174923764.0,81241.07655502393,48.38516746411483,7752840547,17109.45
WLD,World,World,2021-04-16,139834009.0,4085.244019138756,3096398.0,63.28708133971292,793614221.0,422265809.0,172174133.0,80180.83732057417,48.38956937799043,7752840547,17109.45
WLD,World,World,2021-04-17,140622210.0,3771.2966507177034,3108953.0,60.07177033492823,812393996.0,430688632.0,179785062.0,61184.875598086124,48.45157894736842,7752840547,17109.45
WLD,World,World,2021-04-18,141306946.0,3276.248803827751,3117994.0,43.25837320574163,847970802.0,457955564.0,184909021.0,46920.095693779906,48.56234449760765,7752840547,17109.45
WLD,World,World,2021-04-19,142000540.0,3318.6315789473683,3128883.0,52.100478468899524,892244806.0,481579535.0,200296500.0,62883.19138755981,47.87334928229665,7752840547,17109.45
WLD,World,World,2021-04-20,142854000.0,4064.095238095238,3143172.0,68.04285714285714,774745628.0,389722183.0,191310088.0,55640.780952380956,48.21633333333333,7752840547,17109.45
WLD,World,World,2021-04-21,143743973.0,4237.966666666666,3158131.0,71.23333333333333,924340717.0,497453348.0,208920502.0,71934.4857142857,48.544952380952374,7752840547,17109.45
WLD,World,World,2021-04-22,144642861.0,4280.419047619048,3172017.0,66.12380952380953,953321270.0,509947093.0,216531954.0,101804.73333333334,48.783047619047615,7752840547,17109.45
WLD,World,World,2021-04-23,145546620.0,4303.614285714286,3187202.0,72.30952380952381,831718667.0,399421177.0,200837811.0,82801.58095238096,48.76547619047618,7752840547,17109.45
WLD,World,World,2021-04-24,146367692.0,3909.866666666667,3200493.0,63.29047619047619,778752606.0,366990932.0,187870350.0,60142.54761904762,48.90219047619047,7752840547,17109.45
WLD,World,World,2021-04-25,147089218.0,3435.8380952380953,3210902.0,49.56666666666667,993744725.0,526984236.0,227322671.0,50129.68571428571,48.893380952380944,7752840547,17109.45
WLD,World,World,2021-04-26,147771879.0,3250.766666666667,3222549.0,55.46190476190476,1004714232.0,527927262.0,233203538.0,77346.00476190477,48.7655238095238,7752840547,17109.45
WLD,World,World,2021-04-27,148616329.0,4002.132701421801,3237512.0,70.91469194312796,1020959490.0,533379318.0,234967324.0,86552.04265402844,48.05393364928909,7752840547,17109.45
WLD,World,World,2021-04-28,149522346.0,4293.919431279621,3253563.0,76.07109004739337,1066470562.0,557366808.0,248191405.0,105133.0710900474,48.19208530805687,7752840547,17109.45
WLD,World,World,2021-04-29,150420000.0,4254.284360189574,3269326.0,74.70616113744076,1069320890.0,552246495.0,249778068.0,113581.5355450237,48.470805687203786,7752840547,17109.45
WLD,World,World,2021-04-30,151299011.0,4165.928909952607,3283340.0,66.41706161137441,1062499170.0,542186096.0,251180243.0,117938.76777251186,48.51905213270142,7752840547,17109.45
WLD,World,World,2021-05-01,152095778.0,3776.1469194312795,3296607.0,62.87677725118483,1078236312.0,543507509.0,250557829.0,68374.58293838863,47.95293838862559,7752840547,17109.45
WLD,World,World,2021-05-02,152770162.0,3196.132701421801,3306634.0,47.52132701421801,1116147122.0,564611617.0,262221900.0,49785.5355450237,47.99682464454976,7752840547,17109.45
WLD,World,World,2021-05-03,153451683.0,3229.957345971564,3318435.0,55.92890995260664,1117924912.0,562031557.0,253666041.0,61397.91469194313,47.69834123222749,7752840547,17109.45
WLD,World,World,2021-05-04,154259109.0,3826.6635071090045,3332498.0,66.64928909952607,1156338473.0,579581078.0,273541640.0,72525.69668246445,47.783791469194306,7752840547,17109.45
WLD,World,World,2021-05-05,155100302.0,3986.696682464455,3347383.0,70.54502369668246,1163165459.0,581851589.0,274965807.0,87743.14691943128,47.80137440758295,7752840547,17109.45
WLD,World,World,2021-05-06,155968341.0,4133.519047619047,3361965.0,69.43809523809524,1194421455.0,593360315.0,284582220.0,108382.8619047619,48.04661904761905,7752840547,17109.45
WLD,World,World,2021-05-07,156800570.0,3944.21327014218,3376360.0,68.22274881516587,1211630818.0,599257125.0,290246768.0,115629.54028436019,47.79255924170616,7752840547,17109.45
WLD,World,World,2021-05-08,157586298.0,3723.829383886256,3389662.0,63.04265402843602,1156061382.0,553594094.0,270812068.0,92751.75829383887,47.502938388625594,7752840547,17109.45
WLD,World,World,2021-05-09,158227872.0,3040.6350710900474,3399872.0,48.388625592417064,1185127414.0,569432541.0,277062117.0,61528.92890995261,47.53582938388625,7752840547,17109.45
WLD,World,World,2021-05-10,158849701.0,2947.0568720379147,3410996.0,52.720379146919434,1237944738.0,595316058.0,291506525.0,88082.90047393365,46.662464454976295,7752840547,17109.45
WLD,World,World,2021-05-11,159587839.0,3498.2843601895734,3425229.0,67.45497630331754,1308750749.0,636473155.0,315554258.0,105107.85781990521,46.3421327014218,7752840547,17109.45
WLD,World,World,2021-05-12,160347773.0,3601.5829383886257,3439081.0,65.64928909952607,1294244808.0,614647020.0,309782728.0,118499.52132701421,46.53739336492891,7752840547,17109.45
WLD,World,World,2021-05-13,161073037.0,3437.270142180095,3452769.0,64.87203791469194,1345523543.0,638707246.0,321845630.0,117273.18957345972,46.522037914691936,7752840547,17109.45
WLD,World,World,2021-05-14,161791059.0,3402.9478672985783,3465837.0,61.93364928909953,1324481905.0,616873223.0,309613865.0,122278.36492890996,46.52208530805687,7752840547,17109.45
WLD,World,World,2021-05-15,162419082.0,2976.4123222748817,3478046.0,57.86255924170616,1332390517.0,612878654.0,309031647.0,108542.82464454976,46.515545023696674,7752840547,17109.45
WLD,World,World,2021-05-16,162967411.0,2598.7156398104266,3488095.0,47.62559241706161,1429579179.0,667228547.0,339611574.0,96053.49289099526,46.45848341232227,7752840547,17109.45
WLD,World,World,2021-05-17,163507414.0,2559.2559241706163,3499298.0,53.09478672985782,1461053054.0,677098849.0,347909656.0,119346.79620853081,46.30488151658768,7752840547,17109.45
WLD,World,World,2021-05-18,164129934.0,2936.4150943396226,3513500.0,66.99056603773585,1470495762.0,674265839.0,343197733.0,122359.92924528301,46.092830188679244,7752840547,17109.45
WLD,World,World,2021-05-19,164801434.0,3167.4528301886794,3527065.0,63.985849056603776,1473110026.0,665490196.0,342400739.0,123976.75471698113,46.18231132075471,7752840547,17109.45
WLD,World,World,2021-05-20,165081327.0,2964.9056603773583,3540119.0,61.575471698113205,1548773017.0,702117938.0,361472912.0,147340.56132075473,46.265283018867905,7752840547,17109.45
WLD,World,World,2021-05-21,165707284.0,2938.7652582159626,3553128.0,61.075117370892016,1301578143.0,505695592.0,296040193.0,136880.13145539907,45.98281690140843,7752840547,17109.45
WLD,World,World,2021-05-22,166285483.0,2714.549295774648,3564668.0,54.178403755868544,1485164095.0,649364779.0,335331421.0,110472.26291079812,45.98281690140843,7752840547,17109.45
WLD,World,World,2021-05-23,166762020.0,2237.262910798122,3574427.0,45.816901408450704,1564200854.0,681558794.0,351371463.0,95250.71830985915,46.16544600938965,7752840547,17109.45
WLD,World,World,2021-05-24,167216559.0,2133.9859154929577,3583483.0,42.51643192488263,1597963526.0,705640190.0,365867571.0,124252.34741784037,45.81784037558684,7752840547,17109.45
WLD,World,World,2021-05-25,167748649.0,2486.4018691588785,3596671.0,61.626168224299064,1699334571.0,751674660.0,388497821.0,145864.63084112148,45.106448598130825,7752840547,17109.45
WLD,World,World,2021-05-26,168317190.0,2656.733644859813,3609408.0,59.518691588785046,1680369461.0,725685708.0,371267806.0,163793.30373831774,45.42018691588783,7752840547,17109.45
WLD,World,World,2021-05-27,168871890.0,2592.0560747663553,3622466.0,61.018691588785046,1675761537.0,718961349.0,368179461.0,149268.78037383177,45.301214953271014,7752840547,17109.45
WLD,World,World,2021-05-28,169372158.0,2337.700934579439,3634428.0,55.89719626168224,1694152212.0,714826748.0,367077068.0,147936.86915887852,45.3271028037383,7752840547,17109.45
WLD,World,World,2021-05-29,169853474.0,2249.1401869158876,3645182.0,50.25233644859813,1745761411.0,736919487.0,378495356.0,142008.0046728972,45.508831775700926,7752840547,17109.45
WLD,World,World,2021-05-30,170244849.0,1828.8551401869158,3653306.0,37.96261682242991,1840031524.0,785245877.0,406067494.0,119804.27102803739,45.40065420560747,7752840547,17109.45
WLD,World,World,2021-05-31,170623748.0,1770.556074766355,3662025.0,40.742990654205606,1587181102.0,629695450.0,278067334.0,148264.7710280374,44.99827102803737,7752840547,17109.45
WLD,World,World,2021-06-01,171087451.0,2166.836448598131,3677374.0,71.72429906542057,1930215191.0,810784509.0,420070428.0,162570.44859813084,44.22579439252335,7752840547,17109.45
WLD,World,World,2021-06-02,171573140.0,2269.57476635514,3689193.0,55.228971962616825,1957223040.0,819259465.0,422943728.0,181911.31308411216,44.152289719626154,7752840547,17109.45
WLD,World,World,2021-06-03,172062345.0,2286.004672897196,3699120.0,46.38785046728972,1993280606.0,829174571.0,431076231.0,164228.17757009345,44.13714953271027,7752840547,17109.45
WLD,World,World,2021-06-04,172482133.0,1961.6261682242991,3710088.0,51.25233644859813,1946816790.0,797055399.0,408506022.0,180409.07943925232,44.09387850467288,7752840547,17109.45
WLD,World,World,2021-06-05,172880400.0,1861.0607476635514,3719255.0,42.83644859813084,2037413124.0,833279430.0,431546590.0,139875.44859813084,44.08093457943924,7752840547,17109.45
WLD,World,World,2021-06-06,173203091.0,1507.9018691588785,3726330.0,33.0607476635514,2082136797.0,862616565.0,442149506.0,111180.9953271028,44.05929906542054,7752840547,17109.45
WLD,World,World,2021-06-07,173524355.0,1501.233644859813,3734410.0,37.757009345794394,2039223566.0,819395987.0,426376939.0,138048.19158878503,44.20845794392521,7752840547,17109.45
WLD,World,World,2021-06-08,173891175.0,1714.1121495327102,3744792.0,48.51401869158879,2058856897.0,832870954.0,430931829.0,146187.98598130842,43.69345794392522,7752840547,17109.45
WLD,World,World,2021-06-09,174310641.0,1960.1214953271028,3755254.0,48.88785046728972,2177818216.0,892750027.0,459380346.0,153615.43457943926,43.61985981308409,7752840547,17109.45
WLD,World,World,2021-06-10,174760147.0,2100.495327102804,3771263.0,74.80841121495327,2200351311.0,1509227248.0,683713399.0,177957.95327102803,43.5182242990654,7752840547,17109.45
WLD,World,World,2021-06-11,175181400.0,1968.4719626168223,3783197.0,55.76635514018692,2195465941.0,871972117.0,449074724.0,163275.57009345794,43.42733644859811,7752840547,17109.45
WLD,World,World,2021-06-12,175553303.0,1737.8644859813085,3792964.0,45.64018691588785,2177973548.0,848618155.0,440517510.0,129955.54205607477,43.418691588785016,7752840547,17109.45
WLD,World,World,2021-06-13,175856176.0,1415.2943925233644,3802110.0,42.73831775700935,2307879140.0,935928322.0,478901164.0,115421.04205607477,43.03794392523361,7752840547,17109.45
WLD,World,World,2021-06-14,176164689.0,1441.6495327102805,3809998.0,36.85981308411215,2342457455.0,948118801.0,490046191.0,124682.46728971963,42.78476635514016,7752840547,17109.45
WLD,World,World,2021-06-15,176536190.0,1727.9116279069767,3820562.0,49.13488372093023,2344861710.0,937605582.0,482653598.0,174461.60465116278,41.879581395348815,7752840547,17109.45
WLD,World,World,2021-06-16,176934707.0,1862.228971962617,3830906.0,48.33644859813084,2407639735.0,962057550.0,499339303.0,188876.16355140187,41.94985981308409,7752840547,17109.45
WLD,World,World,2021-06-17,177327203.0,1834.0934579439252,3840174.0,43.308411214953274,2465921395.0,975364607.0,509906898.0,212534.28504672897,42.08827102803736,7752840547,17109.45
WLD,World,World,2021-06-18,177733134.0,1896.8738317757009,3849387.0,43.05140186915888,2443542316.0,940240706.0,487643411.0,197650.10747663552,42.28294392523363,7752840547,17109.45
WLD,World,World,2021-06-19,178080580.0,1623.5794392523364,3857459.0,37.7196261682243,2491372204.0,959470293.0,498139794.0,167277.54672897197,42.34350467289718,7752840547,17109.45
WLD,World,World,2021-06-20,178380904.0,1403.3831775700935,3864020.0,30.6588785046729,2580690477.0,1012823015.0,527155037.0,141587.54672897197,42.304532710280355,7752840547,17109.45
WLD,World,World,2021-06-21,178678190.0,1382.7255813953489,3871097.0,32.91627906976744,2615772541.0,1023198392.0,533363220.0,192347.23255813954,41.412232558139515,7752840547,17109.45
WLD,World,World,2021-06-22,179050327.0,1747.1220657276995,3880032.0,41.948356807511736,2600180759.0,949827605.0,503432453.0,200969.0751173709,40.407934272300466,7752840547,17109.45
WLD,World,World,2021-06-23,179487582.0,2052.8403755868544,3889556.0,44.713615023474176,2692205400.0,1039672370.0,543853462.0,196325.7323943662,40.155821596244124,7752840547,17109.45
WLD,World,World,2021-06-24,179891367.0,1895.7042253521126,3898164.0,40.413145539906104,2724798470.0,1055488198.0,550510154.0,218057.30516431926,40.07760563380281,7752840547,17109.45
WLD,World,World,2021-06-25,180313107.0,1980.0,3907377.0,43.25352112676056,2599694329.0,950359127.0,494601768.0,197130.02816901408,40.18624413145539,7752840547,17109.45
WLD,World,World,2021-06-26,180675926.0,1703.3755868544602,3914842.0,35.04694835680751,2651159842.0,965723280.0,510073959.0,183350.70422535212,39.9862910798122,7752840547,17109.45
WLD,World,World,2021-06-27,180985815.0,1454.8779342723005,3920789.0,27.920187793427232,2854404876.0,1108517646.0,566694955.0,152131.55399061032,40.22098591549295,7752840547,17109.45
WLD,World,World,2021-06-28,181317732.0,1558.2957746478874,3927433.0,31.1924882629108,2900764020.0,1128372290.0,584886701.0,169420.77464788733,39.41037558685446,7752840547,17109.45
WLD,World,World,2021-06-29,181701884.0,1803.530516431925,3935547.0,38.093896713615024,2917516538.0,1129951332.0,581085962.0,189990.27699530518,37.64333333333334,7752840547,17109.45
WLD,World,World,2021-06-30,182093890.0,1849.0849056603774,3944703.0,43.18867924528302,2864881284.0,1064962559.0,563895447.0,169398.53301886792,36.556509433962255,7752840547,17109.45
WLD,World,World,2021-07-01,182532939.0,2070.985849056604,3953387.0,40.9622641509434,2980149714.0,1131731999.0,591510276.0,187753.49056603774,36.29438679245283,7752840547,17109.45
WLD,World,World,2021-07-02,182976063.0,2090.2075471698113,3961661.0,39.028301886792455,2866220671.0,1038021712.0,551100711.0,150178.1037735849,36.003915094339625,7752840547,17109.45
WLD,World,World,2021-07-03,183351116.0,1777.5023696682465,3968503.0,32.426540284360186,2883758465.0,1027826933.0,547818404.0,148628.40284360189,35.60853080568721,7752840547,17109.45
WLD,World,World,2021-07-04,183677962.0,1556.4095238095238,3974892.0,30.423809523809524,3138720703.0,1203737214.0,634868014.0,98686.10476190476,34.786047619047615,7752840547,17109.45
WLD,World,World,2021-07-05,184049731.0,1770.3285714285714,3982351.0,35.51904761904762,2813874998.0,1031856102.0,485627751.0,136215.0380952381,32.41619047619047,7752840547,17109.45
WLD,World,World,2021-07-06,184503466.0,2160.6428571428573,3990916.0,40.785714285714285,3148933958.0,1202958069.0,634747791.0,143762.50476190477,25.02414285714285,7752840547,17109.45
WLD,World,World,2021-07-07,184967306.0,2230.0,3999480.0,41.17307692307692,3215445150.0,1230600872.0,659701166.0,148861.5673076923,23.495336538461522,7752840547,17109.45
WLD,World,World,2021-07-08,185448833.0,2326.217391304348,4008324.0,42.72463768115942,3203745038.0,1222442981.0,650251586.0,183608.91787439614,22.83724637681158,7752840547,17109.45
WLD,World,World,2021-07-09,185957170.0,2455.7342995169083,4016769.0,40.79710144927536,2804621318.0,897759975.0,563175945.0,123490.9806763285,22.181980676328493,7752840547,17109.45
WLD,World,World,2021-07-10,186362630.0,1997.3399014778324,4022811.0,29.763546798029555,3071322499.0,1100946934.0,599831283.0,87982.09359605912,20.317980295566503,7752840547,17109.45
WLD,World,World,2021-07-11,186707487.0,1698.8029556650247,4029492.0,32.91133004926108,3309502189.0,1261630154.0,685267471.0,87087.35960591133,19.54029556650246,7752840547,17109.45
WLD,World,World,2021-07-12,187154001.0,2199.576354679803,4036792.0,35.960591133004925,3332500070.0,1285873243.0,693670822.0,123206.65024630542,15.720197044334977,7752840547,17109.45
WLD,World,World,2021-07-13,187706857.0,2723.4285714285716,4047134.0,50.94581280788177,3268281540.0,1221846951.0,661455469.0,144082.34975369458,2.1254679802955665,7752840547,17109.45
WLD,World,World,2021-07-14,188247245.0,2715.5175879396984,4055829.0,43.69346733668342,2971871349.0,1026816880.0,526350263.0,154999.40201005025,1.267889447236181,7752840547,17109.45
WLD,World,World,2021-07-15,0.0,0.0,0.0,0.0,0.0,0.0,0.0,0.0,0.0,7752840547,17109.45
